-- 1. Заполнить все таблицы БД vk данными (по 10-100 записей в каждой таблице).

DROP DATABASE IF EXISTS vk;
CREATE DATABASE vk;
USE vk;

-- MariaDB dump 10.17  Distrib 10.4.15-MariaDB, for Linux (x86_64)
--
-- Host: mysql.hostinger.ro    Database: u574849695_24
-- ------------------------------------------------------
-- Server version	10.4.15-MariaDB-cll-lve

/*!40101 SET @OLD_CHARACTER_SET_CLIENT=@@CHARACTER_SET_CLIENT */;
/*!40101 SET @OLD_CHARACTER_SET_RESULTS=@@CHARACTER_SET_RESULTS */;
/*!40101 SET @OLD_COLLATION_CONNECTION=@@COLLATION_CONNECTION */;
/*!40101 SET NAMES utf8mb4 */;
/*!40103 SET @OLD_TIME_ZONE=@@TIME_ZONE */;
/*!40103 SET TIME_ZONE='+00:00' */;
/*!40014 SET @OLD_UNIQUE_CHECKS=@@UNIQUE_CHECKS, UNIQUE_CHECKS=0 */;
/*!40014 SET @OLD_FOREIGN_KEY_CHECKS=@@FOREIGN_KEY_CHECKS, FOREIGN_KEY_CHECKS=0 */;
/*!40101 SET @OLD_SQL_MODE=@@SQL_MODE, SQL_MODE='NO_AUTO_VALUE_ON_ZERO' */;
/*!40111 SET @OLD_SQL_NOTES=@@SQL_NOTES, SQL_NOTES=0 */;

--
-- Table structure for table `communities`
--

DROP TABLE IF EXISTS `communities`;
/*!40101 SET @saved_cs_client     = @@character_set_client */;
/*!40101 SET character_set_client = utf8 */;
CREATE TABLE `communities` (
  `id` bigint(20) unsigned NOT NULL AUTO_INCREMENT,
  `name` varchar(150) COLLATE utf8mb4_unicode_ci DEFAULT NULL,
  `admin_user_id` bigint(20) unsigned DEFAULT NULL,
  PRIMARY KEY (`id`),
  KEY `communities_name_idx` (`name`),
  KEY `admin_user_id` (`admin_user_id`),
  CONSTRAINT `communities_ibfk_1` FOREIGN KEY (`admin_user_id`) REFERENCES `users` (`id`) ON DELETE SET NULL ON UPDATE CASCADE
) ENGINE=InnoDB AUTO_INCREMENT=101 DEFAULT CHARSET=utf8mb4 COLLATE=utf8mb4_unicode_ci;
/*!40101 SET character_set_client = @saved_cs_client */;

--
-- Dumping data for table `communities`
--

LOCK TABLES `communities` WRITE;
/*!40000 ALTER TABLE `communities` DISABLE KEYS */;
INSERT INTO `communities` VALUES (1,'Non amet dolorem facere nobis natus cumque suscipit porro. Repellendus possimus labore asperiores temporibus eum omnis.',48),(2,'Delectus rerum aut beatae aliquid.',89),(3,'Distinctio doloribus iste earum iste occaecati quasi.',61),(4,'Laboriosam maiores doloribus alias eos dolores eligendi rerum.',43),(5,'Voluptatem eaque dolores hic molestias.',88),(6,'Sed dignissimos natus recusandae sapiente.',55),(7,'Esse vitae occaecati consequatur vel. Id ipsa aut consequatur enim provident est quas.',34),(8,'Voluptas quia dolores tempora aspernatur laborum. Dolor iste quia saepe sequi.',7),(9,'Dolorem qui qui deserunt error velit quibusdam.',1),(10,'Corrupti corrupti repudiandae sint. Illo iure at quia cumque laboriosam natus id veniam.',43),(11,'Eius nihil voluptatem reiciendis nam et ea dicta. Laudantium temporibus autem voluptatum odio.',29),(12,'Autem veniam consequatur reiciendis cumque.',96),(13,'Eos reprehenderit eveniet alias ipsum. Rerum omnis fugiat tempora aut.',83),(14,'Repudiandae eum quos veritatis rerum ut quam cumque. Excepturi qui unde minus vitae.',88),(15,'Ipsam aliquam labore voluptate et commodi ratione nulla. Sequi blanditiis illo omnis iusto tempora officiis.',4),(16,'At sed porro sit eaque rerum ullam.',69),(17,'Optio voluptatem eos blanditiis soluta voluptatem odit soluta. Ea unde vel sapiente aut.',96),(18,'Illo et voluptatem molestiae recusandae.',20),(19,'Ut nobis ut ut aspernatur. Omnis ut ipsam odio.',48),(20,'Repellat doloribus eum voluptatibus nam tenetur nihil enim consequatur.',81),(21,'Non voluptas dicta sed ut. Reiciendis expedita eaque nostrum impedit.',70),(22,'Laudantium quia laboriosam sit sed similique sint. Fuga esse quidem possimus necessitatibus et.',32),(23,'Doloribus veniam quidem odio voluptates ut at.',98),(24,'Maiores nam odio perferendis fugiat sed eum aut ipsum.',75),(25,'Dolor vel rem vitae unde est quidem. Harum et consectetur velit fugiat atque culpa.',13),(26,'Officia fugiat temporibus officia quo ipsa.',6),(27,'Consequatur sed ut vel suscipit.',50),(28,'Amet voluptatem qui neque.',4),(29,'Ut ut commodi sint.',92),(30,'Dolorem asperiores placeat dolorum consequatur dolore. Quam delectus quia non doloremque exercitationem numquam aspernatur.',11),(31,'Nemo velit magnam dolor in exercitationem nam. Qui beatae excepturi aut officia voluptatem quasi qui veritatis.',4),(32,'Ut libero ipsa autem quia quidem labore omnis consequatur.',39),(33,'Nam omnis nobis fuga sunt.',100),(34,'Magnam quis nulla omnis est.',65),(35,'Repellat porro id temporibus qui nemo laudantium.',82),(36,'Aspernatur magnam labore id. Saepe commodi qui beatae.',88),(37,'Fuga eaque nihil dolores molestiae. Eum placeat esse et at in.',20),(38,'Iure consequatur inventore voluptatibus et facere exercitationem. Qui incidunt qui id consequuntur ipsum.',15),(39,'Quas illo nobis libero quo nisi quod.',94),(40,'Dolorum sapiente numquam ut quas voluptas et.',20),(41,'Eligendi totam dicta quo et omnis quidem facere.',57),(42,'Ullam aut aut rem nisi. Temporibus quasi eveniet rerum vel qui in.',23),(43,'Ad laboriosam reprehenderit culpa nobis. Nihil velit harum blanditiis ipsum aut cum.',15),(44,'Ullam non incidunt sit quia ea quod. Est facere molestias et exercitationem omnis recusandae consequatur ut.',39),(45,'Laudantium tempore atque maxime atque cumque. Consectetur deleniti quia eos exercitationem aut in.',11),(46,'Adipisci est repudiandae praesentium corrupti quidem qui.',19),(47,'Enim quia eum repellat. Eaque fugiat velit sunt velit eum sint.',8),(48,'Assumenda porro dicta est commodi.',6),(49,'Officiis eveniet sed est at. Eum nesciunt nulla nemo eveniet veritatis libero aut.',39),(50,'Molestiae qui qui eos ut qui quibusdam voluptas quia. Inventore accusamus enim possimus suscipit modi alias.',56),(51,'Velit quis et quo dolorem quasi quos aut. Ut similique aperiam veritatis ut molestias.',87),(52,'Sint harum rerum sint sed minima. Exercitationem nulla aut eum et.',8),(53,'Quos illo sit praesentium doloremque quia nobis excepturi. Et sit sit enim porro inventore cupiditate dolore.',88),(54,'Necessitatibus sunt pariatur quia laudantium rerum maiores. Molestiae sequi mollitia sint officiis dolores aliquid sit.',84),(55,'Sit veniam eum aspernatur mollitia quod dolorum neque. Qui ut ut cum veniam eveniet harum sunt necessitatibus.',83),(56,'Sed quae molestiae expedita ut.',1),(57,'Dolorum blanditiis omnis ratione quaerat minus voluptatem. Neque labore qui et.',89),(58,'Quia ea quibusdam impedit optio aut. Temporibus corporis dolor et aliquid corporis.',32),(59,'Rerum qui ullam quo qui dolore nostrum alias. Commodi labore voluptas est sed blanditiis officiis ullam.',4),(60,'Dolorem est cumque dolorem minima et. Voluptatem quisquam quia eos voluptatem.',80),(61,'Est velit consequuntur nam beatae id in. Facere dicta deleniti a itaque et ratione.',43),(62,'Quam id sunt quia ut reprehenderit vitae. Accusamus atque suscipit tempore rerum voluptatem et a.',8),(63,'Ut quis placeat commodi inventore vero.',19),(64,'Ipsa exercitationem error aliquam itaque voluptatem vel cumque magnam.',42),(65,'Tempora maxime vel illum natus sunt consequatur.',73),(66,'Possimus ut amet vitae.',100),(67,'Magni est et maiores qui optio modi. Quia nulla optio quam dolor.',29),(68,'Temporibus repudiandae velit est architecto et eum.',92),(69,'Omnis vel maiores et perferendis eos.',15),(70,'Perspiciatis ullam laborum nihil quia id. Dolorem corporis placeat perspiciatis voluptatem ut.',23),(71,'Eius qui reiciendis perspiciatis quo dolores. Modi vitae placeat consequatur nesciunt quam sequi veniam.',12),(72,'Et id ea ab hic ipsa tempora.',72),(73,'Inventore reiciendis dolores consequatur quia deserunt vero quos.',45),(74,'Quam assumenda et asperiores est ratione.',27),(75,'Vero cumque eum voluptas laboriosam velit eaque in nihil. Rerum est vel expedita eos.',11),(76,'Adipisci quos quo consequatur quo et nam.',56),(77,'Sit unde architecto laboriosam qui in quia rerum animi. Et ipsa non et praesentium.',45),(78,'Dignissimos blanditiis id rerum beatae impedit est eum.',18),(79,'Autem incidunt est rerum nam dolores necessitatibus libero.',61),(80,'Dolor aperiam rerum perferendis pariatur quia reprehenderit.',84),(81,'Quos impedit quia assumenda ea nemo. Quis possimus exercitationem perferendis assumenda expedita est.',74),(82,'Beatae voluptatem id qui dolores.',48),(83,'Nobis assumenda nostrum deserunt laboriosam. Quis eos hic quasi quasi eaque culpa.',92),(84,'Nobis similique eum temporibus fuga. Laudantium a rerum ex tempora velit ex quia.',61),(85,'Nostrum sit quis et eos. Quod saepe rerum facere architecto enim sed sed.',32),(86,'Dolorem illo doloremque saepe ea. Voluptate quos est ipsum veniam sit.',74),(87,'Non commodi repellendus ad sequi.',62),(88,'Delectus vitae labore blanditiis nemo sed necessitatibus. Qui culpa ullam quas dolores in.',21),(89,'Quam at aut temporibus quia libero.',5),(90,'Vero sint reprehenderit eius rem.',65),(91,'Id qui eligendi doloremque vel suscipit. Illo quidem unde consequatur numquam hic.',1),(92,'Architecto excepturi totam voluptates qui et.',47),(93,'Illum labore consectetur ipsa perspiciatis consectetur saepe. Debitis aut possimus qui soluta at.',73),(94,'Tempora in distinctio est vero et. Nulla minus sit ipsam in vitae voluptas.',19),(95,'Iusto nihil hic veniam nostrum est. Consequuntur voluptas ut possimus odio blanditiis eius.',88),(96,'Nam id quis nihil nam. Accusamus facere voluptatem rerum odio non perferendis.',45),(97,'Rerum aut pariatur odit atque facere quia autem.',19),(98,'Corrupti sed accusantium assumenda hic impedit facilis.',16),(99,'Aut adipisci sit ullam voluptatem inventore. Similique et omnis magnam placeat.',37),(100,'Mollitia voluptate et id fugit ea soluta laboriosam ut. Aut in vitae quas facilis qui.',33);
/*!40000 ALTER TABLE `communities` ENABLE KEYS */;
UNLOCK TABLES;

--
-- Table structure for table `friend_requests`
--

DROP TABLE IF EXISTS `friend_requests`;
/*!40101 SET @saved_cs_client     = @@character_set_client */;
/*!40101 SET character_set_client = utf8 */;
CREATE TABLE `friend_requests` (
  `initiator_user_id` bigint(20) unsigned NOT NULL,
  `target_user_id` bigint(20) unsigned NOT NULL,
  `status` enum('requested','approved','declined','unfriended') COLLATE utf8mb4_unicode_ci DEFAULT NULL,
  `requested_at` datetime DEFAULT current_timestamp(),
  `updated_at` datetime DEFAULT NULL ON UPDATE current_timestamp(),
  PRIMARY KEY (`initiator_user_id`,`target_user_id`),
  KEY `target_user_id` (`target_user_id`),
  CONSTRAINT `friend_requests_ibfk_1` FOREIGN KEY (`initiator_user_id`) REFERENCES `users` (`id`) ON DELETE CASCADE ON UPDATE CASCADE,
  CONSTRAINT `friend_requests_ibfk_2` FOREIGN KEY (`target_user_id`) REFERENCES `users` (`id`) ON DELETE CASCADE ON UPDATE CASCADE
) ENGINE=InnoDB DEFAULT CHARSET=utf8mb4 COLLATE=utf8mb4_unicode_ci;
/*!40101 SET character_set_client = @saved_cs_client */;

--
-- Dumping data for table `friend_requests`
--

LOCK TABLES `friend_requests` WRITE;
/*!40000 ALTER TABLE `friend_requests` DISABLE KEYS */;
INSERT INTO `friend_requests` VALUES (1,60,'approved','1979-04-22 08:40:03','2013-08-23 21:12:43'),(2,38,'approved','1996-05-18 08:05:29','1979-09-26 21:33:17'),(3,43,'unfriended','2014-11-12 15:57:11','2019-12-10 21:13:02'),(6,10,'requested','2004-09-01 16:54:14','1982-02-01 13:46:41'),(6,58,'approved','1987-03-24 14:31:07','1991-10-12 19:08:05'),(7,98,'declined','1992-08-28 01:33:22','2004-08-02 20:48:12'),(8,26,'requested','2013-08-11 01:27:32','1970-05-01 02:26:10'),(8,97,'declined','2005-11-27 23:01:02','1992-03-02 14:31:07'),(10,4,'declined','2003-08-19 14:38:46','2009-03-29 18:45:26'),(10,69,'unfriended','1981-01-03 04:22:47','2019-07-18 13:21:00'),(10,94,'declined','1975-06-13 04:11:58','2016-09-04 01:58:29'),(11,91,'requested','1995-04-07 19:43:47','1997-05-08 08:52:12'),(12,47,'declined','2013-02-26 15:49:56','2018-06-07 10:41:54'),(13,46,'unfriended','1981-07-27 07:18:32','1984-10-01 00:41:59'),(14,98,'approved','1995-04-14 12:27:52','1987-10-14 17:37:23'),(16,64,'unfriended','2016-11-04 20:37:55','1978-03-24 23:41:08'),(16,95,'approved','2017-07-18 06:05:10','2014-04-03 09:26:10'),(17,15,'declined','1989-09-02 12:59:40','1980-09-21 20:18:18'),(17,75,'approved','2005-09-06 22:13:00','2017-12-08 14:02:19'),(18,28,'unfriended','1993-08-14 17:13:21','2002-04-25 02:43:29'),(18,52,'requested','1998-02-27 17:47:22','2019-12-08 17:15:15'),(18,91,'requested','2002-03-03 23:12:22','1990-12-01 02:06:58'),(20,54,'requested','1980-06-08 19:19:11','1974-06-09 13:19:37'),(20,97,'requested','1977-07-29 12:19:24','2014-08-29 15:48:55'),(21,35,'requested','1976-07-15 08:22:57','2008-12-29 22:56:01'),(22,50,'requested','2009-06-27 02:58:34','2008-06-18 02:30:35'),(22,79,'declined','2018-10-23 18:37:28','1981-08-29 00:50:00'),(22,92,'approved','2007-10-06 08:45:31','1971-12-08 10:22:46'),(23,59,'unfriended','1989-11-11 06:20:41','2016-06-21 19:01:21'),(24,74,'unfriended','2019-09-07 01:17:35','1985-07-13 10:11:01'),(24,85,'unfriended','1976-12-25 11:06:01','1993-02-05 13:20:09'),(25,65,'approved','2013-12-19 19:19:14','2010-10-26 09:08:59'),(25,86,'declined','2005-09-19 09:05:32','1977-07-16 20:33:28'),(27,38,'unfriended','1994-11-02 16:53:53','2018-11-05 16:21:19'),(27,69,'unfriended','1996-05-30 02:54:35','2012-12-06 22:47:31'),(30,11,'requested','1992-11-12 10:43:06','1983-02-25 06:03:32'),(30,32,'unfriended','2008-12-26 14:58:41','1979-02-27 14:41:00'),(32,53,'unfriended','2009-09-05 07:26:47','1989-01-07 15:25:09'),(34,54,'requested','2011-09-17 14:06:41','1991-05-29 07:47:52'),(36,64,'unfriended','2014-07-10 05:48:27','2001-02-11 06:22:06'),(37,63,'declined','2004-01-05 01:05:10','1977-08-05 22:18:03'),(40,34,'approved','2010-06-04 11:47:40','1993-12-08 15:49:29'),(41,15,'requested','1984-09-28 17:52:58','2020-05-12 12:27:07'),(41,61,'requested','1975-06-01 06:11:45','1995-11-20 10:24:11'),(46,44,'unfriended','2006-09-03 13:50:07','2014-07-30 08:07:12'),(47,12,'requested','2014-03-17 12:09:57','2009-11-30 20:35:35'),(47,57,'approved','1994-07-10 22:00:16','1970-08-31 05:33:46'),(49,93,'requested','1989-11-08 03:32:19','2014-11-16 05:52:38'),(51,74,'requested','1986-04-24 22:15:56','1975-09-13 13:20:18'),(52,1,'approved','1988-08-23 16:36:30','2004-04-01 09:00:20'),(52,16,'declined','1981-02-04 01:30:50','2001-03-29 15:51:16'),(53,26,'approved','1970-01-09 09:43:53','1981-07-08 12:02:10'),(56,11,'declined','2003-11-04 13:13:01','1991-04-12 09:33:40'),(57,81,'approved','1973-10-16 08:26:54','1975-02-07 23:21:25'),(58,6,'unfriended','1993-07-15 02:56:28','2020-03-17 18:32:43'),(59,14,'approved','2004-04-19 04:33:51','2005-04-25 01:57:28'),(59,58,'approved','1972-02-06 03:51:41','1978-10-08 21:02:48'),(59,91,'approved','1992-03-16 19:17:22','2020-04-08 04:26:17'),(61,41,'approved','1992-08-27 19:00:40','1987-11-16 13:33:01'),(62,28,'unfriended','1994-09-13 07:55:40','1985-10-21 19:44:49'),(63,60,'approved','1970-02-09 04:37:08','1998-11-12 09:04:32'),(64,50,'declined','2019-08-01 14:02:09','1982-07-30 22:16:48'),(64,69,'requested','1999-08-25 19:01:07','2003-09-02 07:52:16'),(65,18,'requested','2006-04-25 10:36:34','1974-01-05 07:56:46'),(65,63,'requested','1981-08-28 09:51:36','1977-01-10 01:00:46'),(66,25,'unfriended','1973-12-21 08:52:16','2015-06-17 11:14:24'),(66,54,'requested','1999-05-13 21:48:01','2014-10-02 17:18:47'),(67,12,'declined','2004-12-06 10:35:57','1976-05-22 12:51:49'),(67,42,'requested','2009-06-11 14:33:11','1989-01-14 07:20:31'),(67,83,'approved','2021-01-21 11:02:40','1971-03-12 12:26:49'),(68,8,'requested','1980-11-01 13:07:44','2000-06-21 10:21:49'),(68,72,'unfriended','2014-09-15 08:38:47','1973-12-23 22:14:17'),(69,24,'approved','1972-01-31 07:48:45','1975-10-02 22:11:00'),(70,14,'unfriended','1975-11-05 22:59:04','2010-03-22 20:58:56'),(70,55,'approved','1978-06-23 12:41:00','2021-04-27 15:13:29'),(73,6,'unfriended','1973-04-15 23:51:10','1977-06-17 04:54:47'),(74,25,'approved','2015-12-13 21:58:09','1984-03-13 03:47:42'),(74,53,'unfriended','2016-12-14 16:14:45','1979-11-03 03:56:55'),(76,44,'declined','1974-02-18 02:30:53','2001-01-11 07:51:27'),(80,81,'approved','1988-01-10 22:00:36','1996-10-18 21:39:12'),(81,81,'approved','2017-04-13 15:18:28','1991-02-14 05:25:50'),(82,29,'unfriended','2005-12-25 10:51:36','1999-12-23 22:33:22'),(83,50,'unfriended','1981-06-26 15:15:32','2017-08-30 22:25:13'),(83,62,'declined','1979-05-14 11:38:22','1978-07-22 01:36:31'),(83,72,'declined','1973-09-06 13:06:59','1972-06-21 14:39:03'),(83,73,'approved','1973-11-04 04:19:13','1980-02-07 02:14:05'),(84,70,'unfriended','2001-07-13 05:52:33','1972-07-06 18:33:19'),(85,50,'approved','1984-12-08 21:28:10','2015-08-31 13:26:03'),(85,67,'declined','2002-07-09 03:06:14','2000-01-10 18:38:13'),(87,71,'approved','2012-06-14 05:08:54','2019-04-16 11:40:43'),(90,90,'unfriended','1978-11-19 13:46:18','2015-02-03 03:17:38'),(91,31,'requested','2007-06-26 21:24:51','2008-06-19 06:52:05'),(92,6,'approved','1981-10-13 02:48:26','2008-11-02 10:49:58'),(92,16,'declined','2004-02-25 20:41:39','2016-05-28 18:10:20'),(92,46,'unfriended','1970-01-30 21:50:16','2020-12-10 01:51:14'),(95,61,'requested','2020-02-17 09:49:13','2013-10-25 11:39:18'),(95,76,'requested','2005-03-16 21:26:53','2020-07-12 19:08:04'),(95,79,'unfriended','1978-04-24 07:51:12','2006-01-23 00:07:05'),(99,73,'unfriended','1992-10-22 01:52:24','1991-10-11 19:59:19'),(100,44,'unfriended','1990-12-04 18:00:46','1974-08-01 23:19:28');
/*!40000 ALTER TABLE `friend_requests` ENABLE KEYS */;
UNLOCK TABLES;

--
-- Table structure for table `likes`
--

DROP TABLE IF EXISTS `likes`;
/*!40101 SET @saved_cs_client     = @@character_set_client */;
/*!40101 SET character_set_client = utf8 */;
CREATE TABLE `likes` (
  `id` bigint(20) unsigned NOT NULL AUTO_INCREMENT,
  `user_id` bigint(20) unsigned NOT NULL,
  `media_id` bigint(20) unsigned NOT NULL,
  `created_at` datetime DEFAULT current_timestamp(),
  PRIMARY KEY (`id`),
  KEY `user_id` (`user_id`),
  KEY `media_id` (`media_id`),
  CONSTRAINT `likes_ibfk_1` FOREIGN KEY (`user_id`) REFERENCES `users` (`id`) ON DELETE CASCADE ON UPDATE CASCADE,
  CONSTRAINT `likes_ibfk_2` FOREIGN KEY (`media_id`) REFERENCES `media` (`id`) ON DELETE CASCADE ON UPDATE CASCADE
) ENGINE=InnoDB AUTO_INCREMENT=101 DEFAULT CHARSET=utf8mb4 COLLATE=utf8mb4_unicode_ci;
/*!40101 SET character_set_client = @saved_cs_client */;

--
-- Dumping data for table `likes`
--

LOCK TABLES `likes` WRITE;
/*!40000 ALTER TABLE `likes` DISABLE KEYS */;
INSERT INTO `likes` VALUES (1,19,54,'2000-03-24 01:36:07'),(2,96,62,'1979-01-13 19:25:53'),(3,89,24,'1988-01-26 13:52:56'),(4,3,99,'1989-07-15 05:33:33'),(5,73,64,'2018-09-22 03:27:11'),(6,45,91,'2001-06-24 05:23:59'),(7,46,34,'2010-04-02 23:43:56'),(8,31,58,'2009-03-18 11:12:17'),(9,71,73,'1995-05-05 03:38:45'),(10,16,25,'2004-12-29 12:45:43'),(11,56,20,'2016-01-23 08:00:12'),(12,40,1,'2011-07-31 22:56:15'),(13,94,14,'2011-07-24 03:31:33'),(14,3,55,'2019-07-04 11:58:01'),(15,40,66,'1982-05-15 11:22:52'),(16,58,58,'1985-06-25 16:05:45'),(17,19,54,'2009-05-29 07:08:22'),(18,20,7,'2000-12-02 08:27:40'),(19,77,23,'1982-03-25 15:47:58'),(20,6,50,'1990-03-20 20:08:00'),(21,87,51,'1970-01-17 21:55:31'),(22,41,32,'1980-06-08 05:06:03'),(23,84,71,'1995-01-03 08:30:50'),(24,90,55,'1971-01-10 06:12:06'),(25,44,5,'1991-11-09 08:19:58'),(26,79,99,'2008-05-13 03:39:37'),(27,25,19,'2011-03-09 18:39:47'),(28,100,19,'2020-05-06 05:43:48'),(29,33,3,'2009-08-27 00:57:06'),(30,74,72,'1982-07-18 16:57:39'),(31,68,32,'1985-12-25 12:00:58'),(32,30,87,'2000-06-07 13:28:29'),(33,85,50,'2014-04-08 11:08:44'),(34,94,62,'1998-11-26 10:10:42'),(35,72,100,'1980-07-24 00:48:06'),(36,12,59,'1987-06-18 19:43:03'),(37,50,52,'1979-02-03 15:37:51'),(38,91,34,'2001-08-08 22:09:36'),(39,23,80,'1977-05-13 15:57:46'),(40,88,66,'1977-08-13 20:59:34'),(41,85,67,'1989-08-17 19:58:53'),(42,65,10,'1994-12-14 21:11:09'),(43,85,65,'1994-12-27 22:38:40'),(44,28,17,'1993-06-26 00:34:02'),(45,67,2,'1991-10-17 19:48:48'),(46,89,35,'2014-04-15 02:17:56'),(47,33,19,'2020-08-02 19:17:44'),(48,21,17,'1987-12-22 05:00:57'),(49,68,14,'1994-05-04 20:30:07'),(50,79,40,'1993-10-19 17:34:26'),(51,13,90,'1979-01-23 01:13:19'),(52,98,63,'2005-01-12 10:26:42'),(53,42,89,'2011-11-29 02:51:00'),(54,96,64,'1979-01-12 06:38:36'),(55,69,84,'2014-05-02 06:59:43'),(56,29,53,'1982-03-10 00:03:50'),(57,50,94,'1976-10-24 12:38:51'),(58,63,34,'2002-05-04 23:54:00'),(59,58,91,'1974-01-03 23:06:22'),(60,51,24,'1993-06-23 13:24:26'),(61,92,39,'1989-03-18 01:33:20'),(62,58,24,'2015-03-14 17:02:25'),(63,57,79,'2006-09-29 18:53:31'),(64,41,25,'1979-10-08 03:40:27'),(65,93,19,'2008-09-27 11:31:30'),(66,64,6,'1987-09-20 06:15:44'),(67,9,62,'2015-11-30 05:26:12'),(68,68,50,'1982-04-24 15:46:56'),(69,50,64,'2001-11-21 14:48:57'),(70,13,18,'2004-11-29 12:40:58'),(71,47,42,'1980-12-29 08:45:13'),(72,71,96,'2011-08-31 02:01:00'),(73,35,33,'1982-05-20 16:21:54'),(74,30,93,'2005-12-30 15:26:40'),(75,23,80,'1972-07-17 14:11:31'),(76,16,15,'2002-12-30 23:47:16'),(77,18,74,'1978-07-12 20:01:00'),(78,38,75,'1995-01-04 12:46:01'),(79,53,79,'1997-12-22 23:12:55'),(80,99,45,'2013-03-15 03:53:32'),(81,97,63,'1980-11-16 15:13:12'),(82,51,6,'1972-03-29 01:38:05'),(83,25,18,'1997-11-15 08:23:51'),(84,55,74,'1987-07-26 01:54:29'),(85,82,68,'1982-02-15 20:25:34'),(86,92,28,'1997-08-10 03:35:56'),(87,10,63,'1991-08-08 02:40:53'),(88,24,45,'2003-06-02 14:30:35'),(89,95,53,'2012-05-21 12:13:50'),(90,37,18,'2007-07-13 00:45:05'),(91,33,53,'1999-01-06 01:19:32'),(92,32,50,'1997-04-23 07:46:10'),(93,27,70,'2003-08-01 21:30:36'),(94,25,79,'1992-06-13 10:04:37'),(95,48,23,'2012-10-19 03:04:14'),(96,24,45,'1995-03-17 19:58:33'),(97,86,74,'1997-11-17 12:59:25'),(98,50,10,'1997-07-22 05:40:54'),(99,92,5,'2003-02-22 21:01:33'),(100,84,73,'1975-05-24 21:33:18');
/*!40000 ALTER TABLE `likes` ENABLE KEYS */;
UNLOCK TABLES;

--
-- Table structure for table `media`
--

DROP TABLE IF EXISTS `media`;
/*!40101 SET @saved_cs_client     = @@character_set_client */;
/*!40101 SET character_set_client = utf8 */;
CREATE TABLE `media` (
  `id` bigint(20) unsigned NOT NULL AUTO_INCREMENT,
  `media_type_id` bigint(20) unsigned DEFAULT NULL,
  `user_id` bigint(20) unsigned NOT NULL,
  `body` text COLLATE utf8mb4_unicode_ci DEFAULT NULL,
  `filename` varchar(255) COLLATE utf8mb4_unicode_ci DEFAULT NULL,
  `size` int(11) DEFAULT NULL,
  `metadata` longtext CHARACTER SET utf8mb4 COLLATE utf8mb4_bin DEFAULT NULL CHECK (json_valid(`metadata`)),
  `created_at` datetime DEFAULT current_timestamp(),
  `updated_at` datetime DEFAULT current_timestamp() ON UPDATE current_timestamp(),
  PRIMARY KEY (`id`),
  KEY `user_id` (`user_id`),
  KEY `media_type_id` (`media_type_id`),
  CONSTRAINT `media_ibfk_1` FOREIGN KEY (`user_id`) REFERENCES `users` (`id`) ON DELETE CASCADE ON UPDATE CASCADE,
  CONSTRAINT `media_ibfk_2` FOREIGN KEY (`media_type_id`) REFERENCES `media_types` (`id`) ON DELETE SET NULL ON UPDATE CASCADE
) ENGINE=InnoDB AUTO_INCREMENT=101 DEFAULT CHARSET=utf8mb4 COLLATE=utf8mb4_unicode_ci;
/*!40101 SET character_set_client = @saved_cs_client */;

--
-- Dumping data for table `media`
--

LOCK TABLES `media` WRITE;
/*!40000 ALTER TABLE `media` DISABLE KEYS */;
INSERT INTO `media` VALUES (1,92,92,'Earum vero provident unde error impedit modi. Rem quo sed laboriosam eveniet dignissimos nemo explicabo minus. Nulla dolores modi praesentium. Ipsum dolores nobis sint labore esse nostrum. Sit qui eaque aliquam impedit dolor rem corporis et. Dolores fugit sint ipsam nulla facere sunt laudantium. Quis qui porro et qui asperiores. Nesciunt at et consequatur voluptates quisquam quia vitae sit. Odit veniam impedit in. Et et consequatur amet minus autem. Quos labore in pariatur molestias. Fuga qui aperiam placeat nisi. Tempore temporibus sed animi at. Atque et consequatur ratione numquam sint error. Architecto sunt at quia ut dolores debitis. Porro perferendis hic iure nostrum quis assumenda beatae.','Aperiam omnis.',11,NULL,'1998-11-21 03:33:18','1988-08-07 04:30:50'),(2,67,12,'Ut ducimus numquam ut est saepe optio nihil. Non molestias voluptas dolores quia temporibus maxime. Corrupti eveniet laborum voluptas fuga. Molestiae nulla autem recusandae in. Sit nemo minus velit impedit tempore. Consectetur tempore aperiam accusantium itaque id. Libero quisquam blanditiis quod eum dolorem reprehenderit quibusdam. Qui ut odio architecto numquam corrupti voluptates accusantium. Ducimus consequatur itaque reiciendis quam. Nulla facere autem excepturi consectetur. Molestiae pariatur qui hic dolorem voluptatem officiis rerum magnam. Iusto aspernatur natus sapiente possimus sit molestias. Cum distinctio molestiae velit aut et quia. Perspiciatis dolores quod cumque dolore ipsum molestiae. Dignissimos consequuntur eveniet voluptatem ut fugiat.','Aut aperiam.',6,NULL,'1978-08-16 13:44:34','2013-08-12 18:46:18'),(3,71,97,'Enim enim autem iusto voluptate. Illum ut vel aut molestiae aut corrupti adipisci labore. Tenetur doloremque dolor numquam tempora ab ipsum. Vel tempore hic ut atque maiores. Quis quis quae autem neque harum. Assumenda quidem quia explicabo facere. Quod ipsa voluptatem tempore unde non necessitatibus mollitia. Adipisci aut quia aut. Et aut rerum autem sed nesciunt suscipit quis. Autem asperiores perspiciatis rerum necessitatibus est. Doloremque soluta ad quae voluptate qui. Est voluptatem nisi nam accusantium. Rem eos eaque asperiores consequuntur recusandae. Aut neque voluptatem nihil quasi qui quia sed. Sed in hic ut. Ratione ipsum corporis beatae veritatis. Quis nemo quis vitae sunt impedit blanditiis natus. Nobis quia quia neque enim ut vel aut tempore. In consectetur expedita voluptas et dolorem. Est aliquam vitae doloribus harum reprehenderit et qui. Distinctio animi excepturi quia et sapiente. Pariatur dolor molestiae iste qui. Aliquam animi exercitationem quis ex. Numquam deserunt ipsa quas aut. Alias vel ut similique dolores molestiae.','Similique.',5,NULL,'2009-12-02 13:36:31','2002-05-22 18:30:53'),(4,70,32,'Aperiam ipsa natus autem voluptates omnis labore consequatur voluptatibus. Est sunt velit et dolor. Quis quia laboriosam unde. Eum est autem eos iusto sit voluptates vitae. Delectus dolore quam iure. Nulla qui quia laboriosam minus minima ex possimus. Et facere similique et molestiae veniam veritatis. Molestiae odit fugiat aut animi provident. Non quod atque nihil aperiam. Quo asperiores dolor autem maxime. Nulla totam libero quia officiis accusamus sequi. Quas qui suscipit dolore et pariatur velit delectus. Dolores odit voluptatem aut et at et. Consequatur quia aliquid occaecati magni minima quo occaecati. Ut officiis impedit deleniti vel tempora voluptas quasi ratione. Voluptatibus nihil sit nemo labore ea. Dolores dolor numquam asperiores distinctio. Quasi voluptas inventore corporis tenetur id delectus cum. Qui sit itaque earum illo corrupti recusandae qui.','Quia voluptatibus.',10,NULL,'2008-02-08 23:13:46','1984-04-19 04:47:11'),(5,74,1,'Dignissimos doloremque illum tempora. Tempora officiis quisquam aliquid sit facere laudantium. Libero voluptates neque voluptatum perferendis occaecati neque nobis. Sint asperiores earum aliquid rem alias. Qui similique vel quia error dolores magni. Nulla magnam aut molestias repellendus aut vitae. Beatae perspiciatis sequi provident harum. Quos fugit id sunt iste cupiditate dicta ea. Voluptatem voluptate modi dolores est eius ut. Ut tempore placeat sed sed eos. Ipsum unde ducimus consequuntur qui. Vel aut et est excepturi placeat vero est. Vel sit sint quo ipsum sit necessitatibus et consequatur. Quas voluptates minus non fuga. Deserunt magnam enim excepturi magni est optio quo voluptatem. Numquam iusto quis totam quasi et id facere hic. Quae vero et cumque qui quam id porro accusamus. Vel quo iure nisi accusantium quibusdam quis et eos. Ut provident nam hic. Commodi deleniti et ipsum cumque cupiditate rem et. Dolorem et numquam iste iste sint quis modi. Minima dicta aliquam sint quibusdam quasi voluptatem. Autem porro cupiditate praesentium. Nulla saepe est et et nostrum sit. Iure quibusdam unde vel eos aut. Quis autem reprehenderit vel qui labore. Ipsa tenetur ut consequatur repellat voluptatem. Iusto quos accusantium veniam eveniet veniam a sunt.','Dolorem.',12,NULL,'1999-04-22 07:18:02','2004-09-26 10:16:27'),(6,38,14,'Iste ipsam officiis ducimus fugit qui quasi ea. Nisi cum itaque quas et non. Nisi odio dolores quis architecto esse dolores. Eum eum minus voluptatibus reprehenderit eum. Repudiandae natus similique qui rerum illum possimus unde. Consequatur corrupti error maxime sed ipsa reprehenderit ut. Ex nihil adipisci enim consequuntur quasi. Optio aperiam exercitationem pariatur consequatur necessitatibus ullam quasi perspiciatis. Neque sit quia voluptatum. Nemo dignissimos accusantium et quia et iste. Repellendus est fugiat nulla quo sit sit et. Id qui culpa laborum inventore voluptas tempore perferendis. Sed delectus consectetur nam.','Voluptatem.',11,NULL,'2012-02-23 01:53:07','2014-09-06 10:43:58'),(7,24,31,'Et ea atque omnis iste qui odit. Est sit ut ut illum est. Vitae nesciunt culpa provident dignissimos repellendus soluta voluptates accusamus. Dolorem temporibus magnam omnis sint esse aut fuga omnis. Ut dolor ullam saepe et deserunt dolorum perspiciatis. Corporis qui sapiente velit minus non. Asperiores commodi aliquid aut exercitationem. Qui voluptas cumque maiores repellat repellat quia. Vel architecto et error praesentium voluptatem reiciendis. Et ut quisquam tempore velit voluptas quas ad. Praesentium eius harum corporis asperiores nisi omnis. Ad delectus quis eligendi ullam tempora asperiores. Officia nisi est quis voluptatum.','Tenetur.',9,NULL,'2015-01-19 07:19:08','1993-09-30 09:51:55'),(8,65,46,'Est suscipit mollitia suscipit veniam nobis ratione dolores reiciendis. Qui harum expedita quia repudiandae vel et. Accusantium sed quaerat culpa. Itaque quisquam repudiandae et fugiat error aut. Et dolore rerum cupiditate corrupti dolor. Quam hic ipsa ipsa. Voluptates in autem consequatur earum qui exercitationem sit. Delectus maiores earum sed cupiditate omnis tempora. Expedita magni et error est et sed. Expedita quod labore expedita dolores sint dolorem omnis. Voluptatibus accusantium modi suscipit accusantium fugit ratione quos. Aut quis ad et voluptatem. Velit facilis sunt rerum quis est enim. Facere qui ut adipisci ut beatae modi. Explicabo rerum dolor adipisci dolorem laboriosam praesentium sit tempore. Quos aut a occaecati fugiat. Tenetur ut distinctio quia numquam. Reiciendis praesentium aperiam delectus.','Porro temporibus.',12,NULL,'2020-08-12 23:00:37','1984-11-03 11:54:55'),(9,68,59,'Qui occaecati non deserunt. Quos est neque perferendis voluptas nesciunt maiores et voluptas. Beatae perferendis autem aut quis suscipit dicta. Iste assumenda earum et numquam ratione. Necessitatibus ea ad quis dolor. Impedit autem deleniti rerum occaecati in error velit. Nisi dolor delectus sit dolore. Numquam vero earum optio similique aliquid. Iure deleniti quos quidem et expedita et. Dignissimos aspernatur consequatur autem earum et eos aut. Nostrum vitae est consequatur sit. Quia illum explicabo fugiat veritatis perspiciatis praesentium voluptatem. Autem quae placeat et temporibus nobis est. Assumenda rerum ut est enim. Fugiat distinctio ex dignissimos qui. Eos consequatur alias eum voluptatum magnam. Laborum reiciendis et facere nobis quam. Officiis fuga voluptates vel fuga. Et et pariatur necessitatibus quam.','Doloribus.',6,NULL,'1972-04-21 21:52:39','2003-11-12 15:59:00'),(10,99,5,'Expedita ut consequatur eos placeat explicabo. Laborum possimus beatae ut. Iusto dolorum dolor consequatur est. Id ducimus enim quas repudiandae sed maiores eum. Ducimus dolores incidunt facere beatae. Mollitia magni molestias rem dolorem maxime quidem delectus. Architecto rerum ducimus aut id repellendus voluptate. Odio non incidunt excepturi libero. Rem magni nemo qui. Sit soluta voluptatem dolores ut. Asperiores non reprehenderit odio laudantium repellat sed. Repudiandae consequatur autem id dolores ut. Ad dolores autem totam dolorem molestiae aliquid ea.','Est enim.',9,NULL,'1987-03-06 19:37:46','2008-07-23 00:57:42'),(11,15,21,'Temporibus nam atque quo accusantium facere. Dolorem qui ut molestias rerum ea soluta. Eveniet eveniet explicabo voluptas voluptatem quasi sint est. Eveniet accusamus neque dignissimos odio iusto. Consequatur quo ut sit nostrum. Ipsa expedita qui suscipit. Et velit tempore aut sint. Modi beatae pariatur sed voluptatem ut suscipit et accusamus. Eos aliquam ratione rerum iure quia excepturi blanditiis. Similique sit sed dolores voluptatem omnis. Voluptatem iure aut atque sed. Sapiente reprehenderit repellendus possimus non magni expedita. Est quod dolore non quibusdam sapiente.','Aliquam.',9,NULL,'2017-11-27 21:34:57','2013-08-22 07:06:19'),(12,35,91,'Veritatis nemo aut recusandae molestiae inventore. Maxime perferendis occaecati cum voluptas praesentium. Placeat sunt quia nulla harum. Dignissimos commodi placeat aliquid ratione minus ut. Excepturi aut aliquam tempore beatae. Esse ut dicta culpa. Placeat accusamus in dolores maxime hic tempore aut. Est autem neque illo deserunt amet ut incidunt. Incidunt dolor ullam perferendis delectus provident minus. Tempore iusto laborum repellat porro commodi et. Occaecati porro quidem sequi sit qui quidem fugiat. Ut dicta incidunt alias qui non. Esse beatae quis inventore earum debitis. Dicta voluptatem eum nihil omnis debitis consequuntur ex magni. Ipsa accusamus eligendi aspernatur voluptas vel tempora aspernatur. Et quam a repellat sunt harum. Qui ipsa dignissimos maxime velit. Ex laboriosam dolor aperiam quis sunt. Nemo autem saepe praesentium quia repellat. Et et sunt quidem. Blanditiis et qui sunt et consectetur reprehenderit deleniti. Distinctio sed eos cumque soluta et enim eos.','Cum.',4,NULL,'2003-03-01 23:45:51','2008-11-10 08:02:25'),(13,7,39,'Eaque qui quo facere modi tenetur molestiae temporibus. Et impedit ab quibusdam ratione facere possimus ut. Aspernatur exercitationem fugit dicta aperiam vel. Natus ab et ea. Minima minima eum qui amet qui. Magni sed eius sed quam sed laudantium vel. Qui repellat ea rerum harum aliquam voluptatum fugiat. Dicta ratione dolor aliquam autem cumque neque assumenda perferendis. Minus corrupti totam eius ad. Animi repellendus quisquam et et. Asperiores quisquam eaque ab est in natus maxime. Rerum numquam repellendus voluptas necessitatibus iusto atque sed. Nihil officiis sit facere impedit.','Quos reprehenderit.',12,NULL,'2006-10-07 07:55:37','1992-11-09 23:11:30'),(14,5,56,'Soluta sed ut accusantium est. Consequatur porro voluptatem exercitationem in voluptas reiciendis. Aut ipsam quidem voluptas error nulla quibusdam tenetur. Rerum atque dolores sit omnis praesentium quod in. Nihil ad enim molestiae repellat autem. Ipsum nisi est saepe. Corporis debitis ut repudiandae aliquam sit ab. Modi eos et doloribus illum qui omnis adipisci. Adipisci officia itaque molestiae qui consequatur nisi quod. Sit omnis ex ab est debitis architecto aut. Perferendis non corrupti harum qui incidunt. Voluptas blanditiis eius sint ullam ullam voluptatum. Neque explicabo neque suscipit repudiandae. Eos vitae facilis eligendi voluptatem cum voluptatem.','Itaque.',11,NULL,'1974-10-17 23:37:46','1998-10-04 10:54:18'),(15,59,86,'Inventore cum molestiae doloribus in necessitatibus exercitationem. Maxime tempora dolores qui quidem. Eligendi consequatur aperiam iste ut illo. Quia perferendis voluptas quos expedita provident assumenda impedit. Est animi nemo corporis et et iste quia. Similique voluptas odio quos necessitatibus quidem est necessitatibus voluptate. Molestiae ipsum natus esse iusto adipisci aut quaerat exercitationem. Deserunt quia voluptas ullam qui et rem. Ut id corporis et quidem. Dicta ut vel cumque reiciendis porro delectus tempora saepe. Ut accusamus et molestiae porro ipsa dolorem. Iure voluptatum aut hic aliquam. Et asperiores maxime quos libero qui unde. Sint aut quia doloremque quidem. Facilis voluptatibus quaerat qui qui assumenda ab. Id et amet tempora.','Quas odit.',9,NULL,'2016-12-11 09:49:19','2003-02-04 04:28:54'),(16,30,51,'Et earum sed laborum facere placeat alias. Incidunt voluptas sed iste quasi alias aut. Dicta consequatur ut tenetur perferendis deleniti doloribus deserunt. Autem incidunt voluptatem voluptas beatae temporibus illo. Voluptatem doloremque vero odit aliquid. Iste reprehenderit ipsum eos. Veritatis ut natus dignissimos qui recusandae reiciendis recusandae. Ullam et esse voluptatem repellat dolorem ducimus velit. Esse maiores dolore velit aperiam aut quasi et. Explicabo quaerat qui sunt ipsam aut. Ex esse et ut temporibus quos vero enim. Nihil nulla est sit eos non ea exercitationem. Adipisci maiores dolorem excepturi sint exercitationem quia alias. Voluptates tempora est sit quasi id. Quasi ut praesentium aut esse vitae. Odio velit et omnis in eveniet maxime expedita. Laboriosam molestias laborum odit delectus libero esse optio nostrum. Asperiores neque laboriosam laudantium ut ea molestias. Voluptatem nesciunt itaque aliquid incidunt esse inventore officiis. Eum occaecati velit et soluta. Placeat sapiente perspiciatis saepe iusto repudiandae sunt animi. Debitis odit vero maxime beatae excepturi est et. Ut pariatur distinctio eum voluptatum exercitationem et. Et dolorem aliquid architecto ullam qui. Illo est vero ut ut sapiente.','Minima sequi.',1,NULL,'1983-08-20 17:02:25','2015-01-10 17:10:15'),(17,78,96,'Maxime nihil ea ut at eos. Fugit voluptas ut voluptas autem assumenda et magnam. Aliquam quia occaecati exercitationem velit. Velit non quo quis aspernatur qui. Iste blanditiis quia quo qui mollitia tenetur nihil. Eligendi sit quae culpa consectetur eveniet. Adipisci numquam iste unde veritatis delectus animi quia. Dolore voluptatem minus et. Omnis dolor voluptate inventore voluptatem quaerat nisi. Distinctio inventore voluptas voluptas voluptas voluptatem. Similique earum sunt aliquid ea. Eius quos autem perspiciatis nobis. Eveniet consequuntur perspiciatis maiores et assumenda. Non explicabo et aut vero asperiores deleniti. Explicabo et quibusdam consectetur sunt excepturi ea. Praesentium eius a vitae. Rerum et voluptas recusandae libero. Molestiae eos nostrum adipisci saepe. Quae doloremque molestiae et impedit ullam officia doloremque.','Molestias facilis.',9,NULL,'1971-04-08 08:08:06','1970-09-10 17:23:19'),(18,62,49,'Eius maiores dignissimos iusto unde explicabo. Corporis tempora velit quos deleniti voluptate. Quasi et dolor optio quaerat. Illum excepturi aut rerum porro expedita. Ut hic blanditiis blanditiis hic. Neque voluptatibus ut pariatur et quae laudantium. Eum est nihil magnam nisi. Nesciunt deserunt numquam eligendi odit assumenda facilis. Ipsa et assumenda eius iure qui necessitatibus ut. Quasi voluptatem dolorem quod velit perspiciatis repudiandae officia. Optio facilis iste ut similique doloribus aut. Tenetur qui nihil veritatis. Vel ea laboriosam animi asperiores accusantium. At impedit omnis corrupti voluptate consequuntur unde eligendi. Quis in eaque id accusantium. Dolorem sunt occaecati vero qui cum. Nam consectetur quidem quia quaerat in perferendis dolorem. Eaque quia qui non provident officiis nihil qui. Non recusandae autem vel aut aut. Enim ea quia aliquid praesentium ad error. Nesciunt qui aut atque facere. Numquam est exercitationem molestias et saepe. Enim suscipit aut et alias. Laudantium voluptas totam recusandae quis ad. Sint eveniet nihil occaecati fugit.','Dolor omnis.',9,NULL,'1990-05-25 11:18:15','2011-03-19 02:16:57'),(19,92,32,'Distinctio dignissimos vero eaque ut vel. Est fugiat molestiae perspiciatis minima ut. Tempora vel eos sit illum nemo mollitia fugiat. Est at exercitationem neque laborum et. Soluta reiciendis cumque blanditiis dolore unde laboriosam. Vel nostrum et maiores non vel ea tempore. Voluptatem doloremque sit dolor consequatur. Ratione perspiciatis blanditiis et velit debitis. Et aliquam repellat sequi officiis sequi quasi. Aliquid suscipit eum voluptate aspernatur quam eos non. Modi cupiditate asperiores quam. Et et dolor vel qui quod. Debitis aperiam voluptas nesciunt ex qui voluptatem. Minus nesciunt accusamus doloremque quis et. Qui et sunt ipsam itaque qui.','Culpa.',12,NULL,'1978-12-23 12:37:08','1978-02-05 01:20:10'),(20,80,65,'In odio ipsum culpa pariatur. Laudantium voluptatem totam dolor voluptas alias. Fugiat odit totam ad suscipit aut. Dolorum dolores repellendus commodi laboriosam aliquid. Qui repudiandae sunt consequatur veritatis iste iste possimus dolorem. Ea quis aut cumque voluptatum quaerat ut. Sint qui odit sit. Assumenda est doloremque dolor iusto commodi ex quisquam. Nulla maxime voluptatem ut vel soluta debitis. Doloribus sint beatae illum fugit. Reiciendis et nam perspiciatis praesentium possimus perspiciatis exercitationem. Natus veniam non aliquid quas non eos sit. Commodi aut similique ea accusamus doloremque. Porro nam eum aut et. Amet sed esse excepturi soluta. Cupiditate dolorem voluptatem ullam quo autem tempore. Distinctio voluptatum dolores minus non. Et quia id vero eius voluptates est. Et ut delectus architecto quas. Rerum sint ratione ipsa dolorem corporis possimus quae. Nemo magnam magni optio amet quibusdam vel.','Repellat.',7,NULL,'2018-05-19 18:16:53','1995-02-21 02:40:13'),(21,33,17,'Sed ut non facere sint et numquam. Aspernatur quia debitis dicta expedita. Laborum fuga nesciunt quibusdam repudiandae sit quaerat at eius. Dolores ea placeat quia amet sapiente ut. Vel dolorum eum molestiae repellat voluptates. Et itaque qui quia quis doloribus sit excepturi. Est eius quis eum reiciendis nostrum et dicta. Aut eligendi officia corporis sed et. Excepturi qui accusamus repellat quia quos quibusdam. Repellat non molestiae nemo nemo quas laborum illo. Non et aliquam rerum dolorem tempore quibusdam asperiores. Nemo dolor et minima rerum aut earum. Reiciendis iste provident minus aut. Ullam mollitia consequatur molestias nam error sed. Quasi dolores molestiae veniam. Ullam excepturi et maiores earum. Hic minima necessitatibus quis laboriosam. Totam eum reprehenderit in exercitationem recusandae magnam aperiam. Iure aut cupiditate explicabo perspiciatis debitis. Esse iste aut reprehenderit quo. Assumenda sit est alias corrupti. Harum maxime voluptatibus voluptatem in. In quam omnis et et. Quasi ut doloribus ut. Magnam consectetur quia harum minus aliquid et non deleniti.','Sit.',8,NULL,'2002-02-22 00:58:13','1996-09-06 04:39:00'),(22,78,56,'Et ut omnis adipisci est doloremque consequatur officiis libero. Voluptas dolores assumenda quia commodi ipsum. Corrupti non iste sit omnis. Dicta qui dolor enim error eveniet sapiente. Perspiciatis delectus quia voluptate laudantium. Quidem vel ipsa expedita odit. Velit est odio ea perferendis voluptatibus quam. Commodi pariatur est quia non libero. Sunt ut illo dolores incidunt harum sit nulla. Repellat natus natus totam voluptatem voluptas quia. Ut sed suscipit a repudiandae. Quo sed nihil unde aut laborum dolorem atque assumenda. Sint ad tempore quo voluptatum dolorem repellendus ipsum. Consequatur molestiae sit aut sit vel et. Ut aut at saepe vero consequatur. Voluptatibus sit ipsam ratione beatae. Et aut corrupti labore sunt tempore. Illo voluptatem alias omnis pariatur. Nulla saepe quo aliquam ut iusto porro est.','Est harum.',10,NULL,'2019-06-26 22:50:36','1995-10-14 07:14:55'),(23,47,43,'Atque veritatis consectetur laborum sed quasi quia est. Cum aut sint non. Nemo magnam voluptatem hic id explicabo commodi. Optio cupiditate voluptatibus quia voluptatem asperiores velit accusamus deserunt. Deleniti quas aspernatur deleniti et ipsa. In culpa autem est dolores sed. Labore ipsam sunt nesciunt et aspernatur asperiores rem. Consequatur quae fuga sequi magni error. Voluptatem reiciendis corrupti rem voluptas. Cum consequatur reiciendis qui fuga adipisci nihil saepe. Numquam voluptatibus sapiente ipsum quos eveniet. Delectus consequuntur nihil qui sequi et aut iusto qui. Sunt iure qui sit perferendis. Neque amet sed nobis tenetur ut error maxime. Et voluptas ut sed laudantium voluptatem adipisci harum atque. Et saepe qui quas magni optio aliquam. Error nemo nihil maiores dignissimos. Voluptas officiis et voluptatem sed doloribus aut consectetur. Vel aut eaque ipsa perferendis. Voluptatem modi est veritatis similique. Fuga aut quisquam sunt blanditiis velit qui ipsam quo. Soluta voluptatem quos ipsam ut vel sed earum.','Sed.',8,NULL,'1971-12-01 00:06:15','2006-09-08 23:03:05'),(24,2,15,'Repellendus iste mollitia vel itaque molestiae totam voluptatum. Cum qui natus omnis cupiditate quis vero illum. Rerum dolore est tempora et blanditiis sit. Voluptatem praesentium necessitatibus dolorem mollitia ullam veniam in. Dolores at nulla ducimus doloremque occaecati. Vel minus id rem ad distinctio occaecati. Qui voluptate iusto consequuntur amet ea totam quae. Perferendis sunt expedita odio reiciendis dolor iure quidem. Et molestiae nihil quis voluptatem nobis. Beatae odio sit in ex. Quas qui perspiciatis libero architecto itaque et optio. Delectus aut et quasi harum enim. Quod quo ipsum sunt incidunt rerum fugit. Quo sit assumenda quis et molestiae. Sunt voluptatem eligendi fugiat quia.','Nobis.',11,NULL,'2019-02-24 23:03:59','2011-06-05 02:50:26'),(25,2,100,'Similique eaque autem omnis exercitationem ex. Voluptas aut nam voluptatem provident labore adipisci. Ipsa itaque sed quia ut quod. Aut eum occaecati sit ratione. Omnis asperiores dolorem consequatur et. Fugiat deleniti rerum et velit officia perspiciatis. Nulla dolor voluptates consequatur et inventore natus ut nulla. Iure magni amet excepturi corrupti. Voluptatem ab pariatur et repellat ratione. Quas atque molestiae aliquid vel tempore. Molestiae eum dolor numquam et. Hic est ut laboriosam et. Dolore deleniti sed magnam sint autem et quo ipsa. Vel soluta voluptas dolores. Excepturi dolorem ullam impedit architecto adipisci et sit quas. Voluptatem ea dolorum ipsam animi est. Adipisci eos non magnam adipisci praesentium dolorem. Consequatur reprehenderit vero et laborum autem tempore consectetur. Laboriosam ipsam voluptatem veritatis aut. Nesciunt nulla et at perferendis. Et ut dolorem aliquam. Non animi illo at rerum dicta itaque eveniet nesciunt. Est nemo corporis cum itaque quaerat at ut. Nam non officiis ea hic. Ducimus enim ut et libero eius qui voluptatem. Nostrum consequuntur recusandae ut tenetur ullam.','Et suscipit.',5,NULL,'1987-08-07 17:28:00','1987-10-28 07:55:09'),(26,19,16,'Facere non architecto officiis error laborum voluptate dolor. Dolor aliquid sit dicta aut et nesciunt rerum. Fugit temporibus est repellat. Ratione inventore occaecati omnis fugit repellat dolor tempora. Error aut voluptas reiciendis velit recusandae. Sunt debitis aut dicta omnis atque molestiae et. Rem numquam dolor magni accusamus adipisci quam. Ad harum voluptatem rem cupiditate. Et eligendi soluta aut quas. Ad porro necessitatibus temporibus recusandae ipsum est. Accusantium odio aut nemo qui. Animi vitae qui adipisci quas nihil dolores. Magnam nesciunt ut et rerum illum animi. Cumque totam officiis suscipit ipsam. Assumenda iusto blanditiis qui rerum saepe aut.','Distinctio ratione.',8,NULL,'1977-03-30 09:39:47','1999-05-26 18:56:22'),(27,20,54,'Qui officiis blanditiis id distinctio repudiandae dolor pariatur. Est sapiente dolor enim. Aperiam repellendus ut est sequi asperiores consectetur ut doloremque. Asperiores aut rerum suscipit officia. Ducimus explicabo necessitatibus dignissimos sequi enim molestiae perferendis aliquid. Est architecto fugit ratione deserunt quis. Sit voluptas assumenda autem ab facere et perferendis. Corporis aperiam dolores autem. Expedita blanditiis quis quidem sit est blanditiis. Dolorem sunt corrupti quis quidem iure. Qui expedita qui consectetur voluptatem est magnam exercitationem. Odit voluptate voluptatum non. Ullam sit ducimus sunt voluptas quisquam fugit. Tempore nam cum animi blanditiis quia qui vel. Est ullam magni et est. Voluptas voluptatem amet sunt fuga. Sint id vel qui accusantium totam est est voluptas. Optio eum quis id accusantium rem aspernatur eveniet. Quos pariatur et esse in veniam. Quas asperiores optio ut doloribus ex. Ratione nulla labore pariatur distinctio reiciendis non animi. Numquam ad ducimus qui nihil laudantium. Inventore quia voluptatem ratione veniam rerum deserunt. Architecto non omnis ullam debitis et ipsa veritatis.','Aut rerum.',4,NULL,'2016-09-02 03:28:24','1971-05-30 06:12:46'),(28,7,27,'Expedita et dolorum cumque nihil. Et illo vel eius quis exercitationem. Ut voluptatibus voluptates deserunt voluptate qui neque voluptatum. Deleniti minima qui sit facere. Perferendis dolorem vero repellendus. Dolorem doloribus vel cupiditate tempore modi numquam quibusdam. Earum et cumque est ullam consequuntur expedita. Nobis totam officia aliquam. Ducimus laudantium rerum quibusdam libero distinctio commodi. Facilis nostrum provident at suscipit architecto harum. Nulla error laboriosam eum quasi quia nostrum. Sit voluptatem sint libero deserunt natus est eaque. Aspernatur omnis suscipit laudantium ut possimus. Explicabo voluptatibus voluptate ipsum rem. Non est enim sit. Aut rerum blanditiis expedita et sint esse.','Ut.',10,NULL,'1999-10-28 04:51:41','2011-01-08 11:59:34'),(29,93,11,'Nisi accusantium quod eum accusamus officia. Dolores ipsum qui omnis non rerum. In eos voluptatem laudantium voluptas rerum dolorem. Occaecati error accusantium provident vitae quis. Dolor quis sequi quas magnam maxime laudantium. Ut ea culpa sint odio cumque quae. Vel cum dicta quis culpa veniam voluptas ut. Et atque ullam ad ut dolor iure aperiam. Vel delectus eos impedit id sed cupiditate. Quia eius molestias omnis et at non at. Et quia tenetur ut voluptate id iusto. Nobis deleniti pariatur dolores. Dolorem itaque ratione sed consequuntur possimus vel doloremque aut. Ut ut veniam accusantium. Qui nobis ut facere molestiae id. Aut nemo velit sunt voluptas. Ipsum ipsa qui voluptate et. Aperiam eos voluptatem ex dolorem et. Eos rerum dolor repudiandae et qui. Ut qui corporis vel qui. Id vel aperiam maxime delectus aut quis nihil et. Adipisci odit qui eos totam consequatur et. Nihil et cumque eius voluptatem tempore distinctio autem. Tempora labore est distinctio suscipit repellat soluta tempore. Vero ea corporis harum sunt quia. Deleniti quod itaque occaecati.','Aut.',12,NULL,'2018-05-16 16:45:28','2018-01-05 13:34:55'),(30,82,52,'Omnis quod qui modi a voluptatem. Voluptates voluptatem impedit placeat. Odio dignissimos iure blanditiis eum. Aut et reprehenderit qui dicta tenetur explicabo nihil. Sit quasi blanditiis consequatur consequatur facilis laborum. Quo consequatur molestias facere voluptatum porro debitis vel et. Quia et est sed maxime velit dolorum exercitationem. Asperiores eveniet qui sunt consectetur sunt ut. Tempore ratione sapiente et voluptate enim ducimus. Voluptatem in animi est. Hic quaerat sapiente nostrum eos ex. Excepturi dicta consectetur corrupti. Placeat necessitatibus quasi repellat aut. Aut eos minus quae soluta. Unde molestiae est adipisci eveniet rerum nihil soluta. Quia commodi quia aliquid. Autem dolore in saepe. Exercitationem vitae mollitia suscipit officia iste hic eius. Dolorum quas odit eligendi qui sint ipsam. Laborum mollitia voluptatem dolor ut et.','Soluta.',9,NULL,'1997-03-09 13:48:18','1984-12-26 17:50:35'),(31,97,11,'Et est et corrupti voluptas. Et doloremque velit veritatis sint accusantium corrupti quis. Doloribus est est et excepturi consequatur. Rerum unde excepturi quaerat beatae nesciunt debitis. Veritatis voluptas voluptatem sint corrupti. Minima quis sit explicabo fugit. Quo excepturi ea ad dolores id voluptas. Nam omnis voluptate eius a eos voluptates qui. Et illo earum impedit. Voluptatem at labore veniam eveniet officia ducimus labore. Vel voluptatum minus explicabo mollitia. Minima provident corrupti quae dolores aspernatur dolores neque. Cupiditate impedit quo ut mollitia aut impedit aut.','Omnis id.',8,NULL,'1983-08-15 20:57:34','1999-09-01 12:39:04'),(32,3,74,'Cum quo pariatur exercitationem in aut. Quasi culpa aperiam quisquam consectetur quas blanditiis facere. Eligendi veniam nisi tempora quis libero. Modi non et voluptatem voluptatem est. Mollitia aliquid rerum at. Omnis culpa id deleniti in quia. Voluptate eaque ad et. Voluptatem aut qui nulla tempora consequatur distinctio. Quia voluptatem doloribus delectus nihil quidem dolores repellat rerum. Reiciendis quasi repellat eum aperiam. Dolores voluptates officia iste voluptatum est. Magni aut qui quae. Vel et et et. Odio neque in in nemo nobis omnis ad. Doloribus quo nobis vitae dolores ut sapiente qui inventore. Molestiae officia ducimus voluptas sunt iste similique. Dolorum sed alias nihil magni voluptatem a. Repellat sint doloribus et nihil aut ad est blanditiis.','Non perspiciatis.',12,NULL,'2003-12-01 07:06:04','1989-08-27 11:50:02'),(33,7,64,'Repudiandae dolores excepturi quaerat omnis est quia praesentium. Et molestias nostrum beatae praesentium aspernatur veniam. Officiis consequatur totam aperiam maxime ipsa repellendus. Porro et quisquam at quia. Voluptatem est et error nostrum aperiam. Impedit nobis et earum ut velit et. Veritatis nihil aut vel occaecati a maxime. Ad ducimus neque veniam voluptatem cupiditate nihil omnis. Et quia quas excepturi autem vitae quod. Rerum repellendus et aut atque vel cumque. Illum iste id quo voluptas. Totam voluptatem consectetur nihil voluptatem labore sit molestiae. Minima illo qui illum non repudiandae officia. Beatae et quia soluta quibusdam inventore. Iusto dolorum aspernatur quas ea non qui nulla. Voluptas veritatis est aut qui. Tenetur qui ut laboriosam voluptas reprehenderit. Omnis dolorem occaecati qui delectus porro dolorem est. Quos maxime ullam eveniet vel explicabo. Delectus possimus commodi consequatur.','Nostrum tenetur.',8,NULL,'1975-01-13 16:20:35','1981-10-24 11:48:25'),(34,22,98,'Rem exercitationem dolorem illum. Quam consequuntur eaque consequatur vero illum atque omnis. Et eaque quia maxime. Repellendus ea qui voluptates est aut. Enim maiores dolore id eaque. Eveniet deleniti unde nulla. Corporis nam qui beatae nobis. Consequuntur quam quasi recusandae fugiat doloribus rerum. Sed mollitia velit quam. Est quasi nihil et ab. Et fuga ea reiciendis consequuntur molestias. Sequi libero non non adipisci error. Earum modi voluptatibus repellat ut. Libero laudantium id officia quo nihil cumque quibusdam cupiditate. Id quas vero natus ut. Sed non quas ut vero. Libero ea accusantium id tempore omnis.','Ullam dolorum.',2,NULL,'2002-02-22 18:08:04','2007-12-08 20:39:40'),(35,96,2,'Rerum praesentium blanditiis maiores aut. Voluptatem commodi facilis dolorem voluptatem accusamus. Sunt magni voluptates animi quas et vel est. Fugit consequuntur modi consequatur corrupti dolores consequatur. Ut quo aut ut consequatur repellendus dolore ex. Et magnam ab est a praesentium. Excepturi eos ad quos eos adipisci. Maxime dolorum labore ratione. Pariatur inventore libero at est et. Quo consequatur rerum aut accusamus voluptas voluptates. Eligendi accusantium odit ut. Quis repellat ut accusamus. Aut aliquam quis voluptas nemo inventore eos. Sed sit impedit quia asperiores. Perspiciatis dolores totam non.','Ab dolorum.',8,NULL,'1988-08-15 07:47:57','2016-03-28 02:55:58'),(36,62,28,'Odio occaecati quo sequi id molestiae accusantium assumenda. Ex magni quidem aut vitae et. Laudantium explicabo velit quia iure. Quaerat in fugiat harum facilis. Consequuntur libero quia deserunt nostrum voluptatibus. In officia dolores similique eius quia perspiciatis aperiam. Quo laboriosam laborum quia natus eveniet nulla magnam dolorum. Rem aut enim ipsum consequuntur voluptatem inventore consequatur. Soluta iure aperiam consequatur aliquid et omnis sint. Et aut laudantium suscipit est et voluptatem. Enim perspiciatis quia saepe nesciunt. Possimus corporis aperiam totam quae. Optio aut libero rerum minima nam eius et tempora. Necessitatibus tempore est molestiae repellendus voluptates delectus tempore. Aut molestias dicta vel qui incidunt dolor ullam voluptatum. Ratione est incidunt consequatur quia facere dolor amet. Nihil et sint tenetur hic sint vero reiciendis.','Porro.',11,NULL,'2011-03-02 11:02:43','1977-07-18 01:55:26'),(37,19,40,'Nesciunt vitae omnis sit ut vitae dolor beatae modi. Sint quisquam iusto cumque. Temporibus laboriosam repellat atque sunt quo hic minima. Consectetur dolorum sunt nihil. Beatae minus dolore sit aut eligendi officia aut. Doloremque debitis ex voluptas minima aliquid. Voluptatem dolorem mollitia dolor adipisci officia numquam nesciunt. Voluptas explicabo repudiandae error sequi doloribus molestiae. Ullam qui maiores impedit vitae molestias. Fugiat in nihil dolores inventore dolore quae veritatis. Quisquam accusantium quia doloremque iusto repellat ducimus architecto perferendis. Nemo vel saepe cumque aut officia. Dolorem eos eligendi iure libero ut itaque. Eligendi quidem iure deserunt deserunt. Eaque molestiae est id numquam. Libero natus aliquam error aspernatur quas. Velit aut qui ducimus sit voluptatem quis. Eius consequatur quasi praesentium minus modi. Earum rem nesciunt quidem expedita eum. Sed quae est et vel aut ut eos. Sunt sint aliquam eius reprehenderit est. Et in sit cupiditate quia atque velit sit. Soluta iste dolorem tempora enim voluptas sed. Aut fuga enim fugit omnis quia et. Voluptatem laboriosam est qui quaerat facilis ut. Dolore ullam porro qui architecto saepe culpa hic. Fugiat tempore labore iure. Consequatur perferendis necessitatibus non ut fugiat atque deserunt.','Hic assumenda.',4,NULL,'1979-06-21 20:44:18','1978-06-29 16:13:57'),(38,84,66,'Et aut in dolor sapiente. Commodi ipsa ab aut quis cumque quaerat ad. Laborum autem minima praesentium facere at. Eveniet sint ullam ullam laudantium mollitia et quidem repudiandae. Esse inventore veniam quis similique dicta qui molestiae. Libero sit qui quo vel magni voluptatem non. Non necessitatibus dolore voluptate consectetur. Pariatur adipisci corrupti id dolor incidunt. Perspiciatis ut rem dolore dicta ipsam illo qui quo. Asperiores sint corporis repellendus amet et sed unde. Temporibus odit autem non inventore itaque. Dolores molestiae sequi velit rerum earum eaque aut. Dolorum deleniti nesciunt dolorum tenetur expedita quasi magni. Qui nihil nihil illum iure necessitatibus. Aut debitis amet velit consequatur. Et esse debitis repudiandae adipisci. Molestiae quidem ut occaecati ex. Ipsa voluptates quaerat velit aliquid ratione maxime ratione maxime. Quis iure quia dolorem culpa quo sequi quisquam impedit. Assumenda eaque dolor quia vel ratione consectetur voluptatem. Dignissimos consequuntur et inventore quos in officia fuga. Sint fugiat ut optio voluptates ex. Quia voluptas ut beatae sequi illum. Dolores aliquid dolore et ducimus quam. Sit quae nihil est pariatur et sint iusto.','Ad ut.',4,NULL,'1977-12-16 14:41:01','2014-08-31 07:04:54'),(39,83,85,'Dolores doloremque reiciendis nisi in dolor impedit. Aut quo est soluta minima. Sunt recusandae aut quidem molestiae temporibus aut neque. Sunt quae magnam est eveniet mollitia quod. Quidem harum illum suscipit rerum et adipisci omnis. Voluptas qui est aliquid modi iste. Architecto molestiae autem voluptatum nulla iste. Voluptatem natus quis non voluptatem neque rerum. Et doloremque vitae architecto cupiditate vitae blanditiis. Numquam velit reiciendis ipsa a sed voluptas. Magnam et totam quod voluptate ut quasi ut. Nemo ullam et ut sapiente sit. Autem eos tenetur non corporis architecto voluptatem. Voluptatibus asperiores sint hic sed et magnam ratione. Dicta eum voluptatem eum beatae sit. Asperiores rem sint excepturi consequatur. Commodi et praesentium atque voluptatibus voluptatem ipsum. Perferendis sunt sed aut qui. Enim unde dolorem illum nesciunt incidunt ut. In non debitis odio. Adipisci amet et dignissimos dolores nostrum sit. Necessitatibus fugit eveniet aut sed. Omnis ut animi nihil nostrum dolore non accusamus.','Voluptatem.',4,NULL,'1970-08-18 06:24:03','2001-05-11 16:08:06'),(40,80,85,'Error cum error occaecati et. Qui iusto nisi aperiam ut voluptas nesciunt tempora. Doloribus incidunt ex cumque excepturi. In eum nulla ipsum illum et dolor. Facilis sequi consequatur quae aut atque. Dolor voluptatum accusamus quod et nesciunt neque vitae. Quia ducimus sunt itaque laboriosam sed autem vero occaecati. Qui quis doloribus sed voluptas quisquam sed et. Rerum accusamus eius incidunt aperiam recusandae corporis quia praesentium. Id ea nulla omnis ea quas et. Aut culpa et deleniti quia voluptate ab. Quia cum soluta veritatis facilis. Voluptatum explicabo quibusdam ducimus cupiditate velit doloremque saepe. Laboriosam possimus vel deleniti quas. Rerum necessitatibus quia magnam dolores voluptates non dignissimos. Quia quia rerum et facilis et eaque rerum ratione. Dolores ducimus et fugit debitis et. Consectetur est reprehenderit ratione et et. In aspernatur et quam dolor aut sint voluptate itaque. Provident quas inventore laudantium non ut. Error adipisci cumque voluptatem dolor. Aliquam animi ducimus dolorem dolor modi sed. Nihil iusto reprehenderit reprehenderit provident exercitationem. Natus quasi voluptatibus nihil aspernatur enim aspernatur. Molestiae aut suscipit voluptatem voluptatibus. Quae sed itaque veritatis aut quod. Iusto omnis tempore qui rerum aut neque excepturi. Voluptatem perferendis magni magni aspernatur ipsum eveniet deleniti. Earum minima et voluptas cum eum et sapiente ratione.','Quod.',2,NULL,'2017-09-29 00:14:51','1990-01-25 23:36:55'),(41,84,98,'Itaque quos debitis non voluptatem. Voluptas itaque odit voluptatem natus. Voluptatem quia cum autem id ex quia. Libero incidunt ducimus sit qui. Est eos illum error et vitae qui enim. Ab repellat ipsa eaque veritatis. Et at quos dignissimos optio qui accusantium. Sint enim quibusdam consequatur culpa dolorem at ratione. Nam dolorem cum odit. Expedita cupiditate vero consequatur et est. Quis et repudiandae laudantium. Et pariatur culpa rerum omnis voluptatum illo. Mollitia magni vel aut in vel ad id. Et similique nobis eum atque. Fuga rerum veritatis aut fugit numquam id facere velit. Iusto voluptatibus vel placeat molestiae consequatur et ducimus. Itaque quae neque ut quod. Ut aut exercitationem deleniti non id labore. Aliquam in unde delectus cumque sit sint officiis. Doloribus reiciendis sequi dolore corrupti ea libero possimus.','Hic.',6,NULL,'2016-02-09 00:42:27','2020-10-17 02:59:48'),(42,1,3,'Vel aliquam exercitationem ullam quas rerum a. Aperiam laudantium officiis sapiente omnis. Impedit minus ea enim voluptas corrupti. Ut rem et voluptas occaecati sunt explicabo est maiores. Omnis fuga dolore quia commodi iusto. Debitis quidem nemo non voluptates autem sed et. Nesciunt aut et adipisci. Sed cumque dolor sit neque quaerat. Sunt officiis repudiandae laboriosam asperiores doloremque ad iusto. Molestiae fugit aliquid eos sunt harum. Repellendus aut reprehenderit non debitis est adipisci. Voluptas quis in quisquam quae quasi. Nobis amet qui aut quam quia. Enim eum aut alias accusamus. Vel voluptatem minima qui cupiditate et repudiandae reiciendis eum. Recusandae qui ut sapiente. Est dolor et enim fugiat eum dolorem. Explicabo pariatur est ea cum ullam. Hic ducimus laborum sed officia. Praesentium nulla expedita est maxime nulla amet est incidunt. Sapiente quo ab impedit incidunt voluptas. Eos aut aperiam laudantium vel accusantium. Explicabo nihil natus cupiditate sunt debitis et. Ex explicabo sunt sit iusto blanditiis. Et nam explicabo iure voluptatem. Autem voluptas facere excepturi earum.','Odio dolore.',7,NULL,'2016-06-23 08:11:01','1972-02-13 18:38:13'),(43,52,7,'Molestias voluptatibus voluptatem in sit. Aut molestiae aut porro. Eveniet aut sed voluptatibus dolorem quidem est qui qui. Adipisci quos odio ducimus voluptas. Molestias at accusamus et debitis voluptatem explicabo tempore neque. Dolor maxime blanditiis architecto incidunt facilis iste pariatur ut. Dolores magni impedit cupiditate et doloribus et in culpa. Eum aut excepturi quo neque. Optio sed ut sapiente aut. Nostrum cum perspiciatis et fugiat velit quia. Ut asperiores qui ipsa quam. Nihil et est eaque provident iste expedita. Enim dolores commodi velit recusandae. Pariatur veniam in facilis nemo sunt.','Quaerat reprehenderit.',5,NULL,'2008-07-05 16:09:38','1974-12-28 13:11:49'),(44,30,45,'Consequatur suscipit consequatur minima. Provident amet et consequuntur earum quod expedita. Non fugiat impedit assumenda dolor et nihil quam. Reiciendis exercitationem nesciunt aliquid et quia libero autem. Qui et officia sunt ut dolore earum quis. Quo aspernatur optio voluptas optio est. Et expedita maiores libero quo eveniet harum voluptatem sapiente. Quae ullam qui iste ea dolorem minima. Ab illum magnam rem nemo est quod quo. Quos aut quasi praesentium quos qui optio. Cupiditate eligendi quia dicta adipisci iure. Debitis accusantium ducimus quisquam et voluptatum iusto. Soluta veniam dolore ullam aut reprehenderit cum qui. Neque illo quisquam velit. Quod mollitia maxime qui id cumque porro repellat. Accusamus optio in aut dolor dolorem vitae. Omnis velit eveniet accusantium explicabo. Laborum omnis vel saepe doloribus alias. Maxime non nemo iste suscipit eos sapiente et incidunt. Est illum minus et delectus aut porro. Maiores sed qui magnam eum vitae ea aliquam.','Voluptate.',10,NULL,'2018-12-02 13:06:34','1971-04-10 03:11:39'),(45,17,12,'Velit qui voluptate tenetur id excepturi. Non fuga porro et veniam consequatur harum et. Minus autem praesentium et officiis et voluptas provident. Consequatur vel quia enim ut pariatur. Consequatur praesentium assumenda illo rerum aut reprehenderit harum. Fugiat provident consequatur possimus. Quis porro ut alias dolorem omnis aut voluptatum. Sint aperiam aut voluptates asperiores maiores aut sapiente. Quasi iure qui et aut. Non quae blanditiis modi illo. Eligendi commodi veritatis qui inventore et. Modi ad voluptatem sint nulla magni aperiam sit pariatur. Ut minima maxime eligendi quis mollitia voluptates cum. Laborum qui ipsam soluta et omnis cupiditate rem. Provident consequatur cupiditate et quod. Dicta voluptatum ut atque ea. Quo corrupti iusto qui in perspiciatis est. Fugiat exercitationem rem dolor quos corrupti. Explicabo alias enim illo officiis nulla. Vel voluptate qui quo deserunt sint amet. Ut dolor quibusdam dolorem officiis omnis odit perferendis. Non amet minus cumque ut. Minima vitae tenetur quis recusandae nostrum blanditiis laboriosam quidem. Debitis eveniet inventore fugit.','Eum.',4,NULL,'1979-05-28 12:37:51','1984-12-07 20:19:06'),(46,96,13,'Vel occaecati accusantium dicta debitis voluptatem doloremque. Iure delectus tenetur laborum nihil sunt nesciunt omnis. Id molestiae et et. Nobis adipisci ratione illo. Est temporibus et culpa eaque. Debitis odit accusamus culpa odio. Illum explicabo dolorem cumque aspernatur et veniam. Voluptas totam autem ut quaerat. Consequatur quasi quia rem nobis. Voluptatem voluptatem impedit necessitatibus suscipit facere. Facere nisi odit qui corrupti molestiae. Quam at dignissimos voluptatem illo cum deleniti voluptatem ex. Similique mollitia saepe rerum nemo eveniet dicta ea. Odit in ipsum natus magnam voluptas reprehenderit. Ex et voluptas assumenda animi ea. Asperiores ipsum nihil et et voluptas ex ut nulla.','Sint modi.',8,NULL,'1997-11-15 17:39:52','1993-12-09 05:07:10'),(47,23,98,'Ipsa non porro consectetur quia accusantium optio natus totam. Ea quis commodi possimus dicta asperiores consequatur error. Odio odit sit dolor expedita eum nesciunt nemo. Praesentium in sequi nulla inventore id. Nisi dolores cum explicabo aut voluptatum deleniti consectetur. Velit ut quaerat consequatur. Qui voluptatibus ut pariatur consequatur aspernatur. Odit vero eius nobis. Quisquam maiores repudiandae nesciunt voluptas. Quod vero dolore voluptatem ducimus et nihil voluptatem. Ea praesentium tempora dolorem pariatur enim est unde. Qui sunt voluptatibus fuga. Atque ea aut iure quaerat. Sed doloremque perferendis ut sunt aliquid. Fuga sed molestiae repudiandae voluptatem expedita excepturi voluptatem. Dolor voluptate adipisci et temporibus quasi asperiores consequatur. Illo ab at eius in perspiciatis tenetur. Vitae impedit quas dolore voluptatem veritatis. Aliquid est sequi accusantium fugiat sit. Exercitationem incidunt molestiae molestias minus. Consequatur omnis deserunt enim. Vitae quia in iste facilis laudantium. Nulla nesciunt provident ab mollitia voluptates aperiam at ut. Magnam illo voluptas quis porro rerum rem magni. Et reprehenderit vero ex cum inventore iusto consequatur.','Autem delectus.',9,NULL,'2009-11-16 22:34:01','1984-01-24 09:43:09'),(48,87,29,'Animi corporis mollitia libero ex non. Velit consequuntur nihil cum temporibus voluptas. Quia ad labore nihil. Culpa consectetur non animi a qui voluptatem qui. Porro sequi dicta similique repudiandae non rerum facilis. Nemo error numquam aperiam architecto repellat vel. Eum tempore et commodi et excepturi. Repellat enim accusamus illo. Facere quia temporibus ducimus fuga a. Numquam inventore quas non eligendi provident alias. Nihil ab sed adipisci eos. Cum saepe est officiis magnam qui est. Vitae voluptas fuga nobis. Nobis quasi sunt qui. Debitis sit aliquam fugit voluptates porro reprehenderit excepturi. Est totam dolorem blanditiis hic reprehenderit dolorum. Expedita atque distinctio possimus dolores. Est omnis in sit ex. Voluptatem est dolorem dolor dolore et nostrum qui. Et deserunt explicabo et est repellendus. Quaerat maiores rem eligendi vel eaque inventore. Rerum autem consequatur optio veniam. Assumenda voluptatem ipsum qui tenetur. Quia aut sed nesciunt nisi quia voluptas. Ut nostrum pariatur adipisci fugiat non.','Aut.',10,NULL,'1981-12-31 07:23:57','1977-09-01 01:54:41'),(49,62,9,'Sunt quasi sapiente repellendus dolor. Dolor sit quam aut dicta molestiae adipisci repudiandae. At laboriosam quia tenetur incidunt in ut aut. Sed aperiam eaque commodi voluptatibus officiis magni. Quo quis ab sit quia possimus incidunt ut. Esse consequatur aut assumenda sint ut amet. Quisquam dignissimos aperiam qui facere. Nostrum aut qui reprehenderit aut. Architecto ipsam fugiat at possimus velit et. Aspernatur officiis vel earum voluptatibus ex cum in. Eligendi est modi quis perspiciatis vero quam. Nam dignissimos dolor consequatur at porro. Recusandae optio eum quisquam nesciunt. Ut hic et ut dolore eligendi fugiat. Totam et quia cumque rem iusto et. Enim vero quo perspiciatis odit commodi laudantium veritatis. Error tenetur quidem omnis. Est est tempora autem alias necessitatibus placeat consequuntur quia. Delectus officia neque quia quis iusto ducimus. Error harum minus eum sapiente optio officia. Suscipit eaque corporis eos debitis adipisci neque. Atque perspiciatis suscipit aut consectetur dolor modi ut. Quos laboriosam ut illum inventore aut error. Doloribus ut velit qui quia et fugiat voluptatem. Ipsum rem facere illo et quis odit quam possimus. Et id atque dolorem repudiandae. Quae facere aliquam ut dignissimos distinctio.','In.',11,NULL,'1996-09-04 11:51:26','2012-11-03 16:06:20'),(50,26,57,'Alias id atque nesciunt necessitatibus magnam. Modi dolorem at impedit facilis. Et sit rerum qui accusamus. Voluptatem ratione nemo corporis et porro. Voluptatem aliquam cumque incidunt maxime tempora nam eum aut. Aut excepturi omnis sapiente. Repellendus molestiae accusamus quod autem sequi. Aut modi id quaerat architecto id. Non eaque fugiat totam voluptatem modi atque corporis. Illum sunt similique accusantium. Nam praesentium eum ut. Aut repudiandae numquam libero laboriosam ea eos accusamus facilis. Sapiente fugit animi quia consequuntur rerum dicta minima ea. Molestiae minima pariatur et qui quam ducimus. Similique quo deserunt nesciunt libero. Voluptatem sed quod totam error. Quod omnis saepe autem sint repellat. Atque labore reprehenderit fugiat ipsa ipsam quibusdam rerum. Eligendi cumque quasi et ut deserunt odio. Eum consequatur rem quia tenetur voluptas laudantium. Facilis consequatur in ut tempora. Corporis est et beatae nisi ex. Dolore et nulla possimus consequatur et aliquid perferendis dolor. Sit sed praesentium dolor vel. Dignissimos dicta qui fugiat reprehenderit velit totam. Nesciunt voluptas occaecati sapiente quas ratione consectetur. In maxime quas et voluptas beatae et. Enim velit autem vel molestiae.','Aliquid nihil.',12,NULL,'1971-10-02 20:31:50','2003-07-12 19:03:22'),(51,10,88,'Soluta et eligendi tenetur. Modi qui aperiam est optio quo vel sapiente veritatis. Eos nisi voluptatem sequi atque molestiae quaerat aperiam rerum. Quia dolorum deleniti provident. Vel odio sit quia illo impedit. Tempore molestias minima quae omnis tempora aut. Laborum a enim ipsam omnis commodi qui sequi. Est nesciunt eos dolorem ullam quia optio. Est tempora eveniet omnis aut velit. Nam harum dolor nam dolorum. Ratione nemo ut at in in neque eum. Eos accusamus officiis sequi adipisci earum voluptates. Dolore temporibus nihil voluptatem quas ratione. Nisi autem in ducimus vero quis excepturi dignissimos. Et sed non ex et blanditiis non. Voluptate laboriosam velit praesentium dolor dolorem rerum dolores. Omnis quia maiores dignissimos provident. Sit dolorum ipsum placeat fugit eum sit temporibus qui. Quo odio nemo explicabo quasi ut. Consequuntur sed sit voluptates.','Temporibus.',12,NULL,'2000-06-15 21:48:38','2011-11-15 21:00:42'),(52,84,28,'Et saepe quam aliquam necessitatibus officia in. Consequatur consequuntur eos sint aut. Voluptatem quia consequatur similique soluta dolore consequatur aspernatur in. Et nihil quasi et eos. Eum omnis adipisci voluptates voluptatem eum ducimus nihil. Inventore beatae doloremque quia et est nostrum. Molestiae quisquam ex temporibus. Maiores dolor enim numquam molestias molestiae neque. Libero repudiandae repellendus architecto et accusamus ex. Nemo officia facilis odit. Sunt dolor vel quia inventore non. Dolore omnis est non autem quidem. Perspiciatis molestiae praesentium non velit accusamus sunt et. Repudiandae necessitatibus quam similique fugit eveniet autem quae eius. Aliquam tempore nostrum sed. Itaque dolore iusto iste eum id corrupti eaque reprehenderit. Qui facilis rerum rerum doloribus et. Tempora incidunt amet error nesciunt assumenda repudiandae qui. Aut quam quisquam quis cumque rerum dolore. In magnam et et ducimus provident praesentium dicta. Dolor qui aut quae nam dolores rem. Est vel id dolor quidem. Non nesciunt natus praesentium est. Quaerat corporis nihil praesentium ullam. Qui facilis iste magni ratione nobis et. Repellendus eius assumenda debitis aliquid aut dolor quisquam dolorem. Officiis occaecati ut eos voluptatem ducimus quam rerum. Dolorum provident quibusdam sint ullam similique unde.','Magnam est.',4,NULL,'1970-01-23 04:08:52','1978-06-20 03:58:05'),(53,28,67,'Similique pariatur soluta dolore cum tempora repellat qui cum. Placeat aut est expedita incidunt. Nam reiciendis molestiae aliquam et. Voluptatibus laudantium quo commodi consequatur beatae. Animi quod mollitia tempore porro. Atque repudiandae quasi magnam tempora architecto. Et voluptatem dignissimos voluptas. Aut et eius in quas provident. Occaecati nisi illo accusantium ut. Aut ut maxime facere reiciendis est deleniti. Et a quia eum nesciunt. Inventore impedit nam quia aut consectetur exercitationem. Qui laboriosam pariatur aspernatur est qui dolore accusamus. Recusandae est quo cum omnis repellendus. Quis et odit vero voluptatem et odit. Excepturi possimus nostrum nihil autem. Rem velit dolorem non similique. Sit vel laboriosam praesentium.','Soluta non.',10,NULL,'1978-05-21 00:42:35','1998-08-19 00:11:42'),(54,93,11,'Quasi et quasi necessitatibus non natus iusto eius. Sunt eaque enim sit aperiam distinctio. Omnis officiis omnis cupiditate pariatur sint corrupti et cupiditate. Et corrupti eum minus. Dicta quas dolorem et perferendis illo quisquam. Nobis quo et excepturi. Quia cupiditate non doloribus numquam et. Quibusdam voluptate debitis blanditiis non. Necessitatibus id sequi molestias natus quidem. Voluptatem animi molestiae soluta rerum dolor omnis. Quia facere doloribus natus totam. Autem sit quasi incidunt minus minus officiis numquam. Eaque mollitia culpa earum quia accusantium maiores. Aperiam qui magni eos ducimus. Voluptatem ut natus similique est. Dolores ut atque perferendis quam in voluptatem. Neque corporis omnis sunt. Et sint quis odio. Odio qui voluptates est consequuntur voluptatibus. Numquam quas commodi qui fuga molestiae. Quia numquam aut similique incidunt commodi dolorum illo. Numquam vitae blanditiis sunt officiis. A eum est suscipit ut.','Doloremque.',9,NULL,'1970-06-26 21:28:18','1975-03-22 13:25:40'),(55,52,73,'Qui non aliquid alias qui optio provident. Velit qui voluptatem odit et soluta. Deserunt inventore repellat quia et. Nulla ut vel ullam sapiente ut. Vitae sed odit autem ipsa soluta nemo sunt. Unde alias magnam est aliquam hic quia quos. Veniam in occaecati aut nisi adipisci in expedita. Quibusdam a adipisci est voluptatem. Autem assumenda autem debitis dolor. Pariatur voluptatem sequi ut. Omnis voluptatem doloribus sed qui. Quia cupiditate molestiae laborum reprehenderit in corporis in aut. Veniam est sint dolorem sed officiis.','Voluptates officia.',11,NULL,'2004-12-13 10:41:23','2002-07-15 13:41:08'),(56,95,35,'Blanditiis ducimus saepe reprehenderit totam. Odit officiis numquam aliquid rem voluptatem magni ex. Qui rerum magni consequatur repellat architecto sed. Aut perspiciatis iste minus voluptates ratione sunt a. Nesciunt reiciendis expedita sapiente voluptatem. Iste magni molestiae non sint omnis. Unde earum aliquam facilis aut non magnam est. Velit magni minima unde dignissimos. Sequi quos maiores voluptatem aut. Officia et incidunt optio voluptate qui tenetur. Possimus asperiores perspiciatis voluptas perferendis ullam. Reprehenderit ratione ut laudantium quaerat expedita quisquam deserunt. Aut sit praesentium eveniet. Ipsa ut quis non non consequatur cum. Est ut quo veritatis aliquam quis. At ut facilis iusto sequi tempora ea animi dolor.','Dolor architecto.',8,NULL,'1982-05-28 02:43:06','1991-06-05 18:11:38'),(57,70,95,'Laudantium suscipit qui beatae possimus impedit non omnis pariatur. Dolorem quia soluta consequuntur magnam rem atque voluptatem. Libero nihil consequuntur assumenda voluptatem asperiores est laboriosam. Voluptate ab provident est aut alias ut. Incidunt laboriosam qui aut sunt suscipit. Ad nesciunt ut quia praesentium perspiciatis. Omnis quasi non accusantium quia corporis facere. Sit corrupti id iure nisi. Modi optio et quia. Molestiae labore et nihil cupiditate error dolore hic. Facere maxime dignissimos tenetur veritatis qui corporis amet. Nam saepe provident id magnam. Sed suscipit accusantium natus qui. Aut autem quo reprehenderit doloribus sapiente ut. Non possimus aut et eveniet. Corporis numquam dolorum odio adipisci. Necessitatibus non autem omnis. Possimus iste cum ut cum asperiores consequuntur. Ut ea voluptatem id officiis nemo sed. Libero magni eos et ut debitis quis eos. Et asperiores dolores impedit rerum numquam consequatur quo.','Dolor ratione.',3,NULL,'2003-04-17 02:53:59','1984-10-21 15:43:18'),(58,38,22,'Labore aut et nisi sint quas. Ducimus alias odio deserunt veniam reiciendis nihil. Fugiat voluptates rerum id provident. Debitis aliquid tempore nihil sit. Quasi quia sed fugiat illo quia unde. Quos odit recusandae eligendi occaecati. Vel et voluptatibus voluptatibus iusto est est. Cumque similique totam repellendus. Voluptatem nobis maiores repudiandae assumenda consequatur praesentium ut recusandae. Aut nemo ut quisquam sed atque similique. Ex perspiciatis quod eos sit. Aliquid necessitatibus sint quo distinctio. Voluptatem aperiam deleniti quia quo doloremque aut. Ab quasi aut architecto praesentium ut rerum.','Similique corrupti.',11,NULL,'1983-06-19 03:19:30','2006-02-20 21:25:09'),(59,2,67,'Aliquid voluptatem omnis id vel at est assumenda. Itaque nulla aspernatur mollitia et. Dolor excepturi blanditiis dicta repellendus minus vero enim. Et consectetur illum praesentium repudiandae. Cumque tenetur et perspiciatis voluptatibus aliquam aut cumque. Harum libero impedit blanditiis quibusdam. Eum id qui laborum vel fugit dolorum ut. Commodi ut neque minima nihil deserunt. Adipisci voluptate aliquid exercitationem sequi pariatur. Voluptatem molestiae non dolorem sed maxime dicta autem. Culpa et exercitationem aut id necessitatibus veniam. Id accusantium ut earum eaque. Nulla vel dicta ea velit perferendis et. Consectetur dolores suscipit explicabo quo cupiditate.','Ea.',11,NULL,'2015-04-16 09:12:59','2009-01-05 23:05:33'),(60,66,18,'Ipsam cumque omnis vel eaque. Itaque beatae similique et ratione provident modi deleniti. Impedit officiis veritatis beatae. Voluptatum fugit deserunt fugiat cum magnam. Nemo sapiente eius hic placeat. Aliquid dolores consequuntur tempora accusantium exercitationem voluptates fugit. Recusandae sit assumenda incidunt voluptas nemo est. Debitis et quis fugit non repellendus error aut cum. Aut eligendi voluptatem porro dolor nulla quasi in. Repellat iusto libero doloribus vel eligendi quia. Eveniet atque officia fuga error asperiores et rem quis. Veritatis reiciendis error repellat et dignissimos quia. Ut itaque repellendus occaecati accusamus quis voluptatem amet. Ullam ullam sunt minima iure impedit fugiat voluptatum. Aut numquam asperiores aspernatur impedit aut. Aut eveniet velit iusto voluptates cupiditate animi. Repellendus hic porro sit totam vel perferendis. Error facilis illo voluptatem odio qui illum. Aspernatur labore et quam dolorem et delectus dicta. Ratione ullam aspernatur aut et facere. Nostrum nisi maxime laboriosam voluptatem ab ut.','Cupiditate enim.',8,NULL,'1978-02-11 06:28:09','2004-09-09 02:48:26'),(61,78,62,'Aut qui veritatis doloribus quaerat distinctio. Voluptatibus et quam sit ea saepe iusto ex. Vel quis sed error quos. Est laborum id voluptatem dolor sit. Nihil consectetur quisquam qui et esse cumque. Autem est est corporis sed non veniam exercitationem. Cum dolor cum dolor quos quia numquam nulla. Modi et eum optio exercitationem sunt dolor reprehenderit provident. Voluptates et at dolorum. Autem omnis occaecati laudantium sit ab iure. Ut atque vitae aut velit. Ducimus tempora nisi voluptatum. Explicabo sit provident accusantium rerum harum architecto. Eum commodi nihil eius quasi saepe.','Eligendi.',9,NULL,'1995-01-09 11:18:32','1991-01-25 13:13:42'),(62,31,1,'Est et soluta iusto qui. Ut enim sed optio in reprehenderit delectus. Commodi aperiam suscipit aut esse aliquid quia eos. Ad et ipsam ratione est corporis. Veniam qui fuga fugit excepturi suscipit veniam. Accusamus omnis quasi repellat eum perferendis. Quis molestias ut perspiciatis. Autem voluptatem tempora adipisci a ab necessitatibus. Sint quam tempore hic maiores. Quisquam ab quod repellendus dolore. Qui aliquid veniam quidem nemo magni. Numquam perferendis similique rerum sapiente rerum facilis et. Laboriosam molestiae reiciendis odit dicta voluptas sunt. Officia rerum ut quibusdam dolores id sed. Id quam veritatis placeat magni quis. Dolorem hic quis voluptas. Neque aut qui esse quidem quis nemo autem dolorem. Et nemo facilis tempora eum. Commodi et est eum assumenda quis. Sequi vel eum quia non impedit autem.','Dolor.',9,NULL,'2005-05-22 07:22:05','1989-09-22 01:03:44'),(63,59,18,'Architecto doloribus earum totam aut. Accusantium necessitatibus dignissimos et nihil numquam. Ut ut in illo. Sunt quis voluptatem ratione et quibusdam qui cupiditate. Quis mollitia molestiae aliquam dolores. In amet voluptas et placeat vero molestiae nisi. Consequatur ea repudiandae ut cumque qui dolores necessitatibus sit. Perferendis quaerat ut aut est officiis labore. Possimus odio maiores doloribus. Soluta non ipsa explicabo aliquam numquam et omnis aut. Omnis voluptate porro voluptas ipsa delectus totam. Est harum et numquam voluptatem recusandae cumque. Et consequuntur magnam inventore ullam temporibus. Illum non vero neque minima rerum nostrum voluptas. Et sed tempora et et. Laudantium dolor corrupti qui iusto. Cupiditate nisi vel quo qui tempore facilis facilis. Odit veritatis maiores fuga dolores dignissimos pariatur sit.','Dolor.',4,NULL,'1999-08-15 16:03:40','1985-05-06 03:14:55'),(64,29,20,'Non sapiente dolorem iste ullam sapiente inventore ut adipisci. Rerum corrupti aspernatur qui error eum porro aut. Placeat sint id quia assumenda similique et. A rerum molestias aut culpa reiciendis laborum. Dignissimos at totam debitis impedit numquam. Doloribus qui tempora molestiae veniam et. Quam placeat rerum dolorem. Sit ea omnis quia vel eum doloribus autem blanditiis. Sint minima aut ad. Blanditiis architecto corporis consequuntur quia eos ipsam. Sed nam dolor dicta cupiditate et est dolor. Sit voluptas dolorem dolorem eveniet. Et voluptatem quis impedit. Delectus perferendis quia est aut at eligendi labore distinctio. Repellat aut quae doloribus dolor. Vitae eum minima commodi rem. Sunt ullam ex voluptas architecto. Est quaerat incidunt harum itaque iusto beatae rem molestias. Doloremque accusantium quaerat quod quo odit vel. Cumque et eius est accusantium alias minus. Est enim voluptatem sed harum fugit temporibus. Tempore ut suscipit quas autem dolore et ad mollitia. Autem illo omnis aut in veniam optio. Esse deleniti sit expedita voluptatem recusandae suscipit molestiae. Sit et modi dolor veritatis. Blanditiis aspernatur et sit autem.','Et tempore.',11,NULL,'1970-05-06 04:46:55','1975-06-03 05:15:48'),(65,26,55,'Est at magnam commodi quos est libero unde. Excepturi ea temporibus eos non animi delectus quis. Hic dolores velit molestiae qui velit alias autem. Iure quisquam ab qui laborum dolores sapiente vitae. Quia exercitationem voluptas amet ea dolorum est aperiam. Delectus et dolor dolorum dolor voluptate itaque rerum numquam. Quaerat molestiae pariatur repellendus possimus. Porro occaecati dolore ullam error. Recusandae consequuntur modi unde aut consectetur. Cupiditate ut cumque natus porro. Rerum ut recusandae eum laudantium minima voluptas. Distinctio sint minima beatae. Molestiae a non non voluptatem quaerat dolor autem. Delectus cumque optio reprehenderit voluptas et officiis. Qui cupiditate deleniti sunt ex magni molestias et perferendis. Pariatur enim et hic eos reprehenderit.','Vel nihil.',10,NULL,'2001-10-04 10:35:50','2016-05-05 01:57:51'),(66,77,36,'Voluptatem atque nemo quae exercitationem rem. Dolor rem qui voluptatibus est ullam minima repellat. Rerum repudiandae quia consequatur velit qui autem. Et non consequuntur deleniti atque. Nulla dolore qui error recusandae fugiat. Ab debitis animi qui nulla neque magni magnam. Sed dolores itaque ut eum itaque ut ab non. Id iure architecto voluptas dolores nisi amet ut. Eos molestias et ipsa sint vitae sint. Voluptas cumque deserunt atque aliquid dicta. Quis rerum facere quia molestiae provident minus. Est et cumque accusantium aut nihil sequi. Minus voluptatem veritatis a in. Minima distinctio ad esse pariatur ad. Excepturi aperiam sed accusantium ex cum minima maxime. Officia non et repudiandae quaerat laudantium. Temporibus quia animi eius veritatis. Ex quia repellendus eligendi. Iste ut pariatur et. Provident tenetur praesentium nam quibusdam accusamus molestiae expedita rem. Aliquid mollitia ipsam quam quibusdam facilis. Nesciunt ipsa nisi porro iure consectetur. Earum fugit enim odit. Culpa omnis sunt molestias placeat cupiditate. Perferendis unde doloribus facilis rerum similique ipsam esse. Voluptas vel consequatur ipsa maiores expedita molestias. Vero rerum perferendis labore consequatur quasi aspernatur porro dolores. Esse reiciendis nostrum quo est corporis. Modi tenetur dolor praesentium.','Pariatur inventore.',8,NULL,'2019-01-09 12:02:56','1991-01-12 23:07:41'),(67,43,61,'Incidunt deserunt id quam voluptatum. Dolor aliquid accusamus unde reprehenderit enim. Suscipit atque temporibus ratione odio autem. Qui voluptatem voluptates deserunt at. Earum veritatis molestias fugiat nihil ut exercitationem. Repellendus eos est consectetur ea harum. Adipisci quia omnis quo vero perferendis ducimus voluptatem voluptas. Ut dolorum dolorum magnam fugit occaecati. Nesciunt quam porro perspiciatis eum. Facilis eaque eaque nihil ipsum. Deserunt in commodi occaecati accusamus sed eos aut. Natus qui omnis qui rem modi. Sunt molestiae dolor rerum incidunt quia quod doloribus recusandae. Eos nisi eius exercitationem. Qui inventore ut fuga accusamus. Et id minus illo ea in ut.','Iste cupiditate.',8,NULL,'1995-10-19 10:57:33','2005-06-14 02:36:30'),(68,63,71,'Nam facilis occaecati aut ad sit. Fugiat quia natus nostrum dolore ducimus temporibus laudantium quasi. Officiis rem voluptatem corporis consequatur autem. Corrupti amet maxime sed voluptatem quia voluptatem nobis. Esse molestiae distinctio quod qui. Dolorem sint sed reiciendis sint possimus minus. Ex beatae tempora amet recusandae exercitationem corporis. Quasi aut est maiores laudantium. Debitis molestiae illo quod ea vitae sed voluptas. Incidunt fugiat rerum qui. Praesentium impedit tempore nam dolorem. Ut sed aspernatur distinctio consequatur cupiditate ipsa id. Nisi numquam quod est magni quo asperiores repellat. Occaecati iste aut assumenda ut adipisci. Vitae cumque doloremque sapiente. Ut et at rerum consequatur exercitationem expedita libero. Temporibus fuga mollitia id labore necessitatibus voluptatem. Qui nemo iste fugit eum qui provident amet maiores. Atque adipisci explicabo eaque harum soluta. Nobis dolorum sint omnis qui dolor rerum rerum. Quia ullam in accusantium magnam soluta. Est repellendus aliquam consequuntur beatae. Natus nesciunt et quidem et voluptatem. Ex perferendis eos sit odit voluptatum ad voluptatem. Voluptatem consectetur est et atque labore est voluptas.','Dolore sed.',10,NULL,'2018-09-11 14:54:38','2013-07-30 04:06:41'),(69,28,56,'Omnis voluptates minima suscipit quibusdam deleniti aliquam qui et. Necessitatibus quam repellat accusamus repellendus assumenda repellendus. Est ad aliquam error nobis et incidunt. Laudantium nemo aut ipsa quae perspiciatis quia occaecati ut. Qui aut autem aut consequatur. Aut sit quo inventore eligendi rerum. Optio sit eum et dolor magni animi. Ipsam sit esse nam inventore facilis voluptatibus temporibus nesciunt. Ipsam ipsum est rerum qui et architecto praesentium. Voluptatibus fuga deleniti aperiam quidem. Laboriosam distinctio quo excepturi nulla inventore quisquam quae. Nemo eum provident libero. Debitis voluptas laboriosam quisquam fugit. Qui placeat id temporibus rerum quas odit optio vel. Rem rerum voluptate nesciunt fugiat sed et. Facilis laboriosam tempore est est. Ipsam quis et minima enim est non corporis. Eligendi recusandae nisi quis dolor. Dicta consequatur voluptate repellendus quidem libero praesentium magnam ut.','Omnis rerum.',5,NULL,'1986-03-07 16:03:53','1975-07-18 21:43:51'),(70,81,79,'Quae laborum eum amet assumenda quia esse aliquam. Quia optio corporis quia autem laborum nesciunt et. Similique ut voluptatem voluptatem molestiae culpa ut unde. Deserunt error autem itaque consequatur ab exercitationem sed saepe. Placeat asperiores voluptatem ut quidem. Soluta illo enim dolor culpa sit ut porro. Rem asperiores excepturi tempore dolorem et omnis. At accusantium fugit autem quo ut itaque illo. Qui error alias autem. Eum iste sunt quia nostrum error velit aspernatur. Ipsa aut dolores aperiam sit aliquam. Omnis sunt quia doloribus nisi et sapiente doloribus. Modi nostrum hic atque molestias aliquid nemo. Maxime reiciendis ut quo maxime id cupiditate quibusdam. Totam id est aspernatur accusamus. Sint qui distinctio recusandae voluptatibus et odio dolores. Recusandae a sint magni omnis. Ut in iusto dolor. Odit ut accusamus labore necessitatibus hic. Quibusdam vitae qui maiores laudantium sed repellendus molestiae. Tenetur corrupti tenetur reiciendis quia.','Repellat.',10,NULL,'1983-08-19 03:37:22','1985-09-19 04:25:28'),(71,28,76,'Ad maiores quia illum autem. Harum qui ut suscipit rerum dolores necessitatibus. Excepturi unde sint deserunt at non consequatur voluptatem ut. Excepturi eligendi repellat eum id asperiores. Quis necessitatibus voluptas ratione sunt dolor qui esse officiis. Dolore corporis aut repellat quia suscipit ut. Et id corporis aliquid ut. Qui omnis eum facilis placeat sit. Ut optio et fugiat. Molestiae nemo voluptatum excepturi quo magni. Rerum possimus et totam a ducimus. Quia animi provident non qui aperiam a iste. Commodi aliquam quas perspiciatis quae voluptatem voluptate. Minima dolor cupiditate non voluptatum quaerat soluta vel qui. Vel fuga eos alias et ducimus accusamus vero. Sit laborum labore et ut quia deserunt adipisci. Ut ea molestiae quaerat pariatur eos eum tenetur rerum. Explicabo occaecati molestiae qui ducimus dolores asperiores. Reprehenderit consectetur sed quia excepturi quis vitae aut cum. Velit in aut omnis consectetur ea. Cumque sed assumenda accusantium culpa. Sit est quis nihil hic a. Ducimus occaecati neque voluptatibus delectus ad temporibus et. Et autem et quia rerum dolores pariatur. Vero voluptates eveniet alias eos ullam provident incidunt. Quis voluptas quod minima aut voluptates qui in. Et pariatur laudantium aperiam est.','Debitis ipsam.',12,NULL,'1994-04-25 19:11:44','1997-03-27 18:48:29'),(72,13,98,'Eum voluptatem atque ipsam tenetur eius. Quam quidem quo error veniam quisquam error. Optio nihil et quae soluta expedita possimus et. Consectetur explicabo dolorem et praesentium et vitae consequatur cum. Eaque optio dolor sunt corrupti. Mollitia iusto incidunt ullam et perferendis deserunt. Mollitia veritatis omnis minus voluptas nam voluptatem aperiam. Earum nesciunt quo sit velit voluptatem eos. Laudantium quasi qui deserunt corporis. Explicabo nulla eius nihil culpa ipsa error. Aliquid aliquid corrupti vel numquam. Iusto molestiae nam assumenda sapiente corporis culpa. Voluptas et fugiat maiores non animi ipsam a. Enim laudantium dolor sed laborum repudiandae quia tempore. Quo cumque sed facere dolorum repellendus tempore. Ad deleniti quae expedita similique.','Repellendus.',9,NULL,'1999-10-07 23:40:58','2005-11-22 15:26:26'),(73,71,50,'Sit quas sed veritatis qui dolorem voluptatum. Inventore consequatur sunt omnis. Doloribus minus eos eos est veniam. Voluptatem praesentium tempora sunt dolores voluptate ad. Maxime cum in officiis ipsa commodi. Expedita soluta corrupti ut ex et dolore tempora. Dignissimos dolores inventore ut suscipit porro nobis ea. Consequatur magni perspiciatis voluptates cupiditate est qui ut. Qui alias voluptas qui qui. Iusto quibusdam voluptas incidunt possimus odio quia quas. Nisi temporibus omnis dolorem nobis itaque voluptatem et. Sapiente odit nesciunt dolor eveniet et praesentium. Repellendus voluptatibus est iste id quia fuga inventore. Nemo quos cupiditate labore possimus asperiores. Illum nihil officia consequatur praesentium ut corporis. Veniam non aut blanditiis. Vel dolorem ut perspiciatis et. Recusandae nobis omnis accusantium suscipit soluta ut. Nam quae possimus cupiditate ut. Laboriosam tenetur praesentium eos atque. Ipsam velit placeat molestias nesciunt. Nam voluptates rerum qui tempore nesciunt voluptas sunt. Eius est repudiandae totam cum necessitatibus repellat. Eveniet dolor modi laboriosam dignissimos autem ipsa enim.','Id.',7,NULL,'2008-12-14 21:33:08','2006-08-04 11:08:20'),(74,20,72,'Velit fugit minus aut qui nobis aspernatur omnis ut. Assumenda ut maxime aut molestiae. Accusamus non voluptas ab ut. Fugiat laudantium commodi optio voluptas vitae voluptates iure. Animi quo laboriosam porro unde. Magni voluptatibus corrupti dolores eos. Explicabo et voluptas id eum possimus sit sed laudantium. Eum in enim explicabo temporibus vel. Esse reiciendis commodi dolor corporis dolorem. Vero ducimus voluptatem doloribus enim enim quia. Qui voluptate fugiat aut provident. Quaerat sit nobis sit voluptate voluptas fugit. Dolore et sint illum cum. Non repellendus in minus voluptatem et quo enim cumque. Laborum et reprehenderit autem consequatur. Optio est aut laborum. Ex natus maiores voluptatem nihil perferendis quos similique. Similique aut iusto placeat tenetur. Repellendus optio sit autem sed. Quisquam molestiae rerum explicabo molestiae beatae quam. Iste atque molestias quaerat rem dolores maxime. Consequuntur et minus vero voluptas autem fugiat. Voluptates debitis autem sint nostrum et temporibus. Quia nobis dolores illum cupiditate eligendi perferendis accusantium commodi. Est quis et deserunt dolore veritatis. Expedita illo ut blanditiis consequuntur repellendus. Vel ea rerum eaque quae. Qui exercitationem nobis qui eligendi aut reprehenderit non.','Et.',8,NULL,'1970-12-05 16:26:58','1975-04-17 18:23:53'),(75,17,85,'Aperiam nihil dignissimos non doloremque. Aut et laudantium reiciendis qui molestiae. Et velit commodi et voluptas placeat voluptatem pariatur. Consequatur eligendi debitis nihil nemo laudantium necessitatibus. Delectus in aliquam quidem. Velit id nulla et dolore necessitatibus sit. Et ut qui cum. Sit eum unde fugit quidem optio aut voluptatem. Mollitia perferendis similique voluptatibus odio facere. Illo et eligendi dicta adipisci ea doloremque reprehenderit. Totam voluptas beatae aliquid quo adipisci iusto neque. Molestiae qui commodi rerum sed quas non quasi. Nemo voluptas voluptas in. Velit occaecati assumenda odit voluptates. Esse minus repudiandae consequatur doloribus dolor officiis. Perferendis qui aliquid qui rerum. Dolorum quasi numquam perferendis et enim qui et. Quo optio magnam doloremque voluptatibus dolorum quo voluptates. Ex numquam libero ea laboriosam sit. Rem libero optio quod accusantium omnis. Autem est qui ut qui. Officiis odio assumenda autem voluptas laudantium deserunt impedit. Dolor assumenda quasi cum velit facilis est. Et ut autem repudiandae temporibus accusantium.','Natus.',4,NULL,'2004-06-05 22:53:57','1982-01-23 18:29:50'),(76,89,95,'A voluptatem repudiandae quae quas quas. Qui cumque quaerat et quia velit ea minus. Tempore rem animi aliquid quos consequatur adipisci sint. Officiis eum voluptas amet. Error dolore dolor quaerat dolorem voluptates. Voluptatem enim eum sunt est voluptatem. Quo facere et numquam. Assumenda perspiciatis voluptates nisi possimus tempora doloremque numquam. Et cupiditate ut voluptate sapiente laboriosam dolore. Non ut molestias placeat doloremque facere ut unde qui. Quis maiores sit odit ullam veritatis deserunt ipsa. Fuga labore debitis omnis voluptatem accusamus nihil laudantium. Dolore ipsam consequuntur rerum molestias at. Reprehenderit unde aut vero distinctio labore qui nulla. Nostrum maiores veritatis eius qui nisi quibusdam alias iure. Dolorem blanditiis et modi animi repudiandae id reprehenderit quo. Sint a in cum eos. Cupiditate ipsam blanditiis libero. Autem asperiores consequatur consequuntur aliquam. Magni sunt pariatur beatae doloremque ullam.','Aut et.',12,NULL,'2003-02-11 01:32:20','1973-03-17 06:33:31'),(77,46,20,'Quasi necessitatibus sed velit est autem et reiciendis. Voluptas et pariatur aut quia pariatur nihil. Accusantium provident dolorum perferendis similique ad earum. Ea reiciendis accusamus explicabo saepe ratione in neque. Eligendi suscipit est ut. At ex enim culpa deleniti. Tempore nostrum omnis dignissimos fugit et cumque inventore. Dolore non quibusdam cum et qui sequi voluptates. Culpa id amet debitis omnis ipsam reiciendis. Natus est similique doloribus quas. Est odio ipsum quia accusamus accusamus corporis. Voluptas dolorem et eveniet aliquam. Tempore numquam dolore esse aliquid amet. Est modi voluptatem omnis exercitationem totam est ut. Sed error at aperiam eum doloribus.','Possimus repellat.',10,NULL,'2011-05-30 02:17:03','1980-05-03 02:44:29'),(78,95,5,'Exercitationem nihil ipsam eos vero nesciunt natus. Molestiae ex nihil officia sequi ut iure. Atque porro voluptas aliquam impedit voluptatem est. Fugit cum tempora odio sed maxime. Et sequi praesentium molestias quis ad. Sint dolore a dolorem molestiae in voluptates quasi. Necessitatibus sequi debitis veritatis quo. Ipsam est a minus voluptatem sunt non velit. Mollitia quia quas vel veritatis. Consequatur minima veniam reiciendis nesciunt quod molestiae. Molestiae ad ullam ut quo unde iusto. Itaque architecto qui et et vero veniam. Dolorem modi aliquam quae beatae accusamus molestiae. Assumenda in ut velit esse. Alias reprehenderit voluptates neque veritatis eum sit qui totam. Sed sint et consequatur magnam in. Nemo voluptatem odit ullam beatae eaque sit. Unde iste sit repellat repellendus aliquam fugit qui. Magni aut ut ut deserunt exercitationem voluptatem alias voluptatem. Labore aliquid quas cumque harum ut sit. Rerum sint unde sed illum eveniet cupiditate. Vitae ut enim sed nobis doloribus quae. Magni eaque veritatis labore voluptatem voluptatem architecto.','Totam dicta.',6,NULL,'2021-01-15 03:33:53','1987-01-08 13:05:29'),(79,37,24,'Magni accusantium quo quidem inventore sit quod ut. Omnis rerum aspernatur est ipsam itaque. Voluptatem vitae quia sit iure corporis. Tempore error reiciendis quia illum. Dolor et est magnam laborum fugit molestiae. Voluptatem cumque quaerat non ullam. Eveniet quia perspiciatis eius corporis eum facilis non. Nihil adipisci occaecati dolorem eligendi est voluptatem. Error mollitia saepe assumenda. Fugiat qui recusandae est laborum. Neque iste est incidunt tempore omnis. Eos et fugiat minima repellendus aspernatur ducimus placeat. A voluptas culpa quisquam reiciendis. Quibusdam quae sit ducimus in quaerat ad amet. Nostrum atque et numquam perferendis omnis. Fugit omnis unde adipisci exercitationem libero. Maxime nam fugit illum omnis in sunt. Nihil minima adipisci rerum quaerat et eum ex non. Autem facilis quis provident qui eaque illo doloremque corrupti. Et adipisci ea eum et. Non velit est autem tempore non amet. Animi magnam a quia ipsa eum et eius voluptatem. Laborum laborum optio qui veniam non. A dolores corrupti vero enim et laborum expedita. Iure ea quis et impedit. Est aperiam expedita dolorem ea velit architecto deserunt. Nihil dolorem omnis maxime ducimus saepe aliquam. Minima harum sint ut soluta ut.','Doloribus.',9,NULL,'2009-07-19 06:56:31','2017-03-24 08:30:26'),(80,25,63,'Et nihil voluptatem deserunt. Minus nemo est aut dicta eum voluptas sunt magnam. Quia repellendus tempore quasi labore quod facilis totam nobis. Pariatur velit ut ex illum tempore sed. Laborum fugiat iure necessitatibus ex. Repellat est accusamus id error aut. Mollitia corrupti dolore rerum sit placeat. Temporibus et vero aut nisi officia a tempora. Modi sint aliquid mollitia nulla ea quis commodi. Omnis molestias nesciunt beatae architecto similique laudantium eveniet. Et occaecati dicta qui vel nobis. Inventore aspernatur nobis alias eum et. Ut earum non commodi ipsam dolores. Rerum debitis aut sed nobis et aperiam rerum. Recusandae id qui dolorem aliquam ut enim ut illo. Quaerat quibusdam qui iure veritatis optio et iusto. Blanditiis enim aut aut distinctio et beatae sint eos. Dolore quo architecto impedit. Alias non et eos qui enim maxime. Autem et fuga iure asperiores. Dignissimos ab similique voluptatem quaerat quisquam.','In.',7,NULL,'1980-06-11 08:51:57','1998-08-01 18:02:11'),(81,78,1,'Illo veniam et officiis officiis fuga aspernatur. Eos veniam reprehenderit ab magni odit non. Rerum pariatur omnis voluptates laborum et in. Itaque repellat ea corporis culpa. Voluptate a officiis architecto praesentium alias rem. Soluta doloremque voluptatem in harum maiores quaerat. Illo et officiis suscipit dolorum voluptates molestias beatae. Quos deserunt molestias pariatur ea. Deleniti dolores fugiat soluta reprehenderit ullam. Quaerat consequatur facilis blanditiis rerum cum. Laudantium totam dignissimos modi ut. Ea officia ipsum ipsum culpa reprehenderit nostrum. Non modi minus atque qui. Beatae et corporis est nostrum qui consectetur. Ipsa officia ullam architecto nobis. Enim voluptates nostrum totam atque rem sunt similique. Quia aut facere sit ullam dolores sed. Nihil odit esse quos. Et perspiciatis repudiandae sapiente omnis aut voluptatum excepturi impedit.','Accusamus odio.',12,NULL,'2016-12-14 03:34:19','1990-02-24 22:17:16'),(82,98,21,'Exercitationem enim optio laboriosam autem sapiente repudiandae. Reprehenderit vero in consectetur nobis blanditiis pariatur omnis. Necessitatibus aut optio consectetur qui sapiente esse similique. Vel soluta harum architecto in saepe perspiciatis. Eum quibusdam sit consequatur aperiam numquam. Aliquid veniam labore repellendus. Sed voluptatem consectetur et quis et beatae. Tenetur voluptates modi quos. Minima et eveniet rerum corporis. Delectus et rerum consequatur magnam. Amet porro reprehenderit vel harum quis aperiam. Fugit ullam sed molestias et et alias. Repudiandae perferendis ducimus et et quae doloribus ea. Quam neque culpa et dolore porro ut consequatur. Quas assumenda ipsa blanditiis. Non et doloremque minus dolorem velit. Dolore incidunt autem amet distinctio similique. Ipsum error est quae quis ratione consequatur consectetur. Facere illo ut molestias dolor velit at quaerat.','Voluptatibus eos.',9,NULL,'1984-05-03 10:34:24','2014-11-15 17:28:22'),(83,62,61,'Porro facere natus qui nobis et autem aut. Commodi earum modi facilis iusto dicta magnam. Natus dolores occaecati perspiciatis temporibus adipisci atque quis. Et ea corrupti ab esse quia provident non. Esse excepturi sunt ipsa similique voluptatem qui. Inventore nostrum qui et iste quo. Odit velit reiciendis non ab. Enim enim non itaque minima. Ut fugiat ut sapiente et earum. Nobis voluptates quos ratione amet atque velit molestiae. Voluptatem eius non possimus atque. Sit autem est quis et. Aut vel est corporis similique exercitationem illo. Expedita quasi animi nulla eius vero.','Eveniet dolorem.',6,NULL,'1987-08-12 05:32:50','2001-06-23 13:46:43'),(84,91,89,'Tempora quo repellendus omnis porro cumque cum ipsam. Ut rerum et ut ut vel beatae et. Aut consequatur aperiam sapiente voluptates. Inventore rerum expedita cumque officiis nobis quia sed. Ipsam sapiente ad aut vel modi. Consequuntur non nulla quia doloribus porro doloribus ducimus aperiam. Omnis qui ut aut qui. Quisquam consequatur optio nesciunt molestiae consequuntur quis dicta. Quaerat aut ipsum laboriosam neque ratione est. Laborum enim dolores rerum ut doloremque voluptas tempora. Ut alias eos quia sint pariatur facilis tempore inventore. Sapiente rerum qui eum soluta aut ipsam est. Dolores voluptatibus sequi ut quasi consequatur eos ipsum. Perspiciatis eaque dolore magni unde dolorem. Et et voluptatem delectus culpa adipisci aut fugiat. Et asperiores quia vel quam. Delectus odit et sed. Aut repellendus nisi qui cupiditate similique repellendus facilis. At nihil qui accusamus incidunt vel illo impedit. Eos eum fugiat magnam omnis delectus. Vel a similique incidunt iste. Aut voluptates sed cupiditate possimus a velit dolore. Reiciendis maiores minima consequatur in fuga a. Eos soluta ea ipsa temporibus deleniti est porro. Ea quia natus consequatur voluptate quia. Sit nobis quae quae omnis voluptate est dolorem.','Tempora quia.',5,NULL,'1982-12-05 22:49:44','1988-09-24 08:09:05'),(85,17,72,'Laboriosam voluptatum aut id illo accusantium illo ipsa. Minus illum debitis eaque omnis sunt in illum. Qui quis dolorum sed sed ullam reiciendis ab veniam. Qui consequatur architecto sed autem. Porro adipisci quis ut voluptatem cupiditate a. Quo molestias voluptatem quas corporis velit ratione sequi. Sequi enim ea omnis neque et doloremque qui dolor. Id omnis aspernatur optio quo vel tenetur nemo. Repellat soluta earum ea ad in inventore hic. Incidunt impedit ut molestias dolores repellat voluptatem. Distinctio tempore modi corrupti corporis. Sunt voluptatibus odio eveniet. Aperiam officiis quia eaque non dolor ex corrupti vel. Sint accusantium voluptates alias quaerat. Accusantium officiis vitae quos. Quidem adipisci tenetur sunt. Commodi amet ex officiis modi aut. Doloribus quia ea rerum explicabo qui cumque enim. Qui nulla iure minima beatae fugit rerum. Suscipit quis commodi accusamus a consectetur. Dolorem libero qui enim voluptatem blanditiis voluptatem facere officia. Corporis voluptate voluptate voluptatibus voluptatibus quidem et veritatis. Ratione molestiae quae aut. Excepturi cum enim voluptate illum dignissimos eius sint. Qui error laboriosam dolorem.','Vel.',12,NULL,'1981-10-06 04:04:16','1973-12-17 18:30:02'),(86,67,45,'Vel tempora fugiat tempora id omnis enim accusamus. Consequatur nisi quas beatae ut repellat quaerat. Aut ut eum eos et cupiditate. Magni sint dolores ea sequi consequatur vero. Dolor autem architecto consectetur officiis sed delectus. Non iste aut veritatis perferendis. Quae et occaecati autem vero ad. Voluptatibus enim quasi optio blanditiis consequatur blanditiis pariatur iure. Atque sit voluptatem eligendi suscipit rerum. Qui neque ex omnis eum dolor dolor esse itaque. Cum cumque cupiditate corrupti dolorum neque suscipit eum quas. Aut est enim iste inventore. Et illo nam quo. Suscipit quisquam provident architecto tenetur non consequatur. Rerum laudantium unde eos laboriosam. A pariatur autem eligendi iure ab ad. Quasi adipisci corrupti fugiat molestiae maxime perferendis. Molestiae aut dolorum eligendi nobis incidunt ea. Iure illum atque fugit quo earum sit. Aperiam natus neque autem quasi maxime suscipit. Aliquid vitae tempore earum incidunt et est necessitatibus sed. Dicta et ut laborum eligendi quibusdam. Qui vitae blanditiis dolores eos quas. Voluptas iusto et eos nisi et.','Soluta enim.',5,NULL,'2009-01-06 13:38:44','2007-04-28 19:28:54'),(87,47,80,'Sint quos assumenda natus voluptatem harum corporis. Atque qui nihil et accusantium labore autem. Ut sit dolores praesentium molestiae natus. Eaque inventore vel veritatis animi dolore officia. Sit accusantium qui ad rerum nulla maxime voluptatem. Aspernatur odit exercitationem consectetur voluptas. Commodi quasi tempora porro eum ex quia mollitia laboriosam. Provident quisquam enim voluptatum consectetur fugit soluta. Veritatis dolorum natus mollitia sunt ea. Quo rerum maiores dolorem commodi. Voluptates qui quia quia. Et sapiente omnis rerum corporis repudiandae ipsam. Fugit excepturi non voluptas aut porro. Labore in sapiente inventore incidunt quo debitis et. Voluptatem qui veritatis voluptatem aperiam. Beatae natus consequatur aut debitis. Dolores sequi ut autem ut aliquam dolores voluptatem. Sunt ut omnis velit sint. Voluptas natus omnis nihil praesentium ut. Ullam a saepe sit quaerat omnis dolores molestiae officiis. Voluptatem totam magni unde.','Et.',10,NULL,'1992-03-07 06:28:39','1978-03-24 16:39:43'),(88,42,17,'Sint animi blanditiis et. Qui voluptatibus vel similique est. Recusandae eos ut mollitia. Vel magnam vel omnis voluptatum odit odit. Esse quia ab ipsam quis. Alias sequi quis explicabo est in quia. Cumque labore fuga maxime doloribus quibusdam. Vel laborum ut voluptas. Nisi excepturi excepturi tenetur et facere rerum repellendus. Minima iusto vitae ut et non et omnis. Cumque perspiciatis id incidunt impedit nulla. Voluptas quia error quia eaque. Et et tempore magni mollitia consequatur.','Laboriosam sed.',9,NULL,'1973-08-13 04:33:06','1970-11-30 20:35:35'),(89,29,62,'Ea aperiam tenetur porro deserunt minus consequatur. Sit voluptates ut corporis non nostrum. Placeat voluptas tempore cum alias et at iusto. Dolor recusandae et sed quo. Numquam excepturi dolor aliquid enim excepturi fugit labore. Quam nemo consectetur explicabo rerum ad cumque. Ab officia quisquam enim earum adipisci nemo impedit. Enim at dolor praesentium perspiciatis a rerum voluptas earum. Dolores numquam rem consequatur sed aliquid. Est dolor accusantium quisquam iusto quod similique. Quis voluptas velit et iure et. Dolore accusantium ipsum perferendis eum soluta maxime perspiciatis. Sit illum repellat provident reprehenderit alias neque. Incidunt quo sequi nemo dignissimos occaecati nobis quaerat earum. Nisi iusto mollitia facilis repellendus vel nihil dolorum in. Eius quia inventore eos recusandae rem laborum libero. Commodi a quia incidunt omnis enim. Voluptatem porro praesentium non sint voluptas omnis ab. Repellendus ipsam eum quos tenetur beatae dignissimos et. Fuga nostrum repudiandae animi corrupti nihil vel ut. Fugit rerum aspernatur fugit alias suscipit. Aut aut eius sunt et. Eius pariatur quasi pariatur laboriosam id alias. Enim et voluptas sunt dolorem. Totam doloribus voluptatem cumque pariatur enim. Et explicabo ratione suscipit commodi deserunt veritatis quidem.','Error.',5,NULL,'1973-05-22 09:59:12','2018-01-11 23:00:26'),(90,88,46,'Et consequatur non beatae perferendis sunt reiciendis. Voluptatem at rem earum dolor ab laboriosam. Laborum necessitatibus eum atque ad. Id autem vero quia rem aut. Aliquid ad assumenda assumenda recusandae ea tempore. Eaque eaque reprehenderit vero corrupti cum ut excepturi rerum. Magnam deserunt sed vel dolor. Laborum ipsa corrupti ut quibusdam aliquid quo. Vel sequi ut ut dolorem enim hic nihil dolor. Sunt quis voluptates est voluptate corrupti. Occaecati qui incidunt non neque ut magnam pariatur. Rem praesentium quaerat incidunt sequi harum. Et et commodi enim quis quidem consequatur fugiat. Dolore eaque magnam corporis consequatur atque sunt magnam. Alias in a at. Quod ipsum consequatur sed quo provident necessitatibus saepe neque. Accusamus corrupti nisi consequuntur expedita voluptate ut explicabo maxime. Est sequi molestiae ipsum ut laudantium.','A voluptatibus.',7,NULL,'1996-06-12 20:15:22','2016-08-18 21:42:20'),(91,46,77,'Eaque ut dolorem quo deserunt assumenda perferendis quis est. Architecto odio pariatur quo odio sunt at accusamus nisi. Iure beatae sit eos qui provident voluptas reiciendis. Autem nostrum consequatur velit aliquid sint sequi. Voluptatem in natus soluta magni. Qui placeat magni et rerum. Illum vitae aut exercitationem amet ratione aut non. Harum et distinctio cupiditate omnis. Quam eum fugiat quibusdam nam sed dolores. Dolores atque sed officiis sint. Ex sit illum laborum facilis qui tenetur. Explicabo omnis sed ratione molestias pariatur quia. Dolorum suscipit vel animi minus. Corrupti velit occaecati modi. Iusto dolorem qui explicabo voluptas cupiditate quia et animi. Laudantium voluptas dicta esse omnis laborum. A fuga rerum cumque fugit nulla. Placeat aut aut et qui. Quis rerum ipsum ipsa amet qui possimus et. Provident cupiditate tenetur et et est qui. Mollitia deserunt nihil omnis. Debitis qui reiciendis pariatur omnis est et. Labore est omnis veritatis ut eum optio in consequatur.','Rem.',6,NULL,'1976-06-29 09:00:04','2010-06-19 14:16:47'),(92,40,92,'Vel odit sequi dolorem inventore nostrum et neque. Voluptas nostrum earum voluptate est eum delectus. Quo ipsa voluptatum ipsa earum qui dolorem non. Et mollitia dolorum quod dolorem nulla aut sunt. Est sit dolorum ratione placeat alias maiores et. Facilis quia omnis quo modi ipsam. Qui maiores nihil cumque. Nesciunt est soluta sit quia. Rerum nam voluptatem ipsum delectus. Dignissimos mollitia atque et accusantium qui. Aut voluptatem ratione veritatis neque dolorum. Occaecati libero voluptates voluptatem numquam. Qui quia ea vel minus repellendus. Praesentium nobis praesentium dolorem dolores minima optio. Illum repellat qui in eius atque mollitia quae eveniet. Reiciendis maxime autem adipisci aut. Voluptatem eum voluptate molestiae harum. Blanditiis quia porro ratione laboriosam repellat vero. Maiores natus molestiae assumenda facere eaque inventore dolores. Commodi voluptatem laborum dolorem officiis sunt fuga. Debitis molestias eos labore excepturi. Excepturi error sapiente earum. Ratione culpa non earum vel eaque aliquid. Praesentium ullam vel saepe veniam nihil accusantium. Provident nihil illum est. Voluptatem consequuntur sunt delectus ab.','Perferendis et.',3,NULL,'2006-07-24 04:58:52','2005-02-14 03:39:47'),(93,97,35,'Voluptas tempora voluptas voluptas velit rerum inventore quo. Non omnis hic sed dolorem delectus harum dolorem. Est repudiandae ut aut quo non. In porro dolores ut beatae. Aliquam debitis ea omnis facilis sunt. Aperiam non quia libero itaque. Voluptates perspiciatis dolores eius laudantium sed rerum. Necessitatibus minus sed ut et. Ad a illum deleniti sit ipsum. Doloremque molestias suscipit ipsum. Facere labore ex voluptatem explicabo ad. Magni esse dolor hic illo provident sit modi. Et odit enim natus mollitia. Sequi libero labore illo provident id culpa suscipit. Iste ab perferendis dolorum est qui deleniti. Eum cumque modi odit harum dolor optio. Similique magnam odit aut dolorem architecto. Et inventore dolorem nobis nemo. Porro voluptas placeat sunt et fugit. Nobis qui nemo nesciunt eum alias rerum. Non et eum molestiae esse exercitationem. Aperiam adipisci voluptas voluptatem quibusdam. Accusamus minima aperiam modi magnam voluptatem et dolores. Velit fugit sint fuga qui cum consequatur iure. In saepe neque qui accusantium quia qui quidem. Accusantium culpa qui omnis harum debitis aut aliquam.','Rerum recusandae.',5,NULL,'1981-08-13 12:37:14','1997-05-26 17:47:42'),(94,96,34,'Perspiciatis ab velit qui quis eligendi deserunt neque. Nulla architecto et optio commodi quam minus mollitia. Perspiciatis itaque eum autem molestiae. Nostrum laborum quis est ut in ut. Blanditiis ut veniam aut rerum dolorum quia nesciunt. Ratione aut voluptas enim distinctio omnis velit. Laudantium distinctio non soluta quia. Aspernatur quas minus consequatur repellat et ut. Vel neque deserunt qui reprehenderit pariatur soluta. Ducimus quos sequi aut natus quis cum. Quia provident iure itaque laborum qui ut. Dicta asperiores officia minus est at a. Et est rerum non vero harum. Tenetur perferendis omnis ut iste. Corporis aut dolorum provident commodi ut magni. Eius placeat ad quibusdam. Eius non sapiente minima ab consequatur est. Sint magni dignissimos rem autem ab corporis ut. Dicta aspernatur aliquid autem culpa asperiores. Distinctio et asperiores repellendus et et et. Tempora atque reprehenderit unde assumenda. Qui sunt eum quis omnis quia est. A ratione consequatur quasi quia. Natus occaecati id dolor sit neque quia non eos. Vero recusandae est praesentium dignissimos perferendis nihil.','Est sunt.',8,NULL,'1986-05-01 19:17:42','2019-08-19 01:31:40'),(95,58,21,'Voluptatem ipsa officiis consequatur non voluptatem nostrum hic. Praesentium pariatur commodi saepe quibusdam molestiae. Doloribus laboriosam quia nam voluptas enim exercitationem recusandae. Provident et nam at qui suscipit similique. Quos ullam numquam tenetur aliquam. Itaque molestiae eum voluptatem. Nobis atque repellendus dolore quo optio. Quaerat recusandae voluptatem odit laudantium illo. Maxime magnam quos quisquam rem iusto temporibus assumenda. Sed possimus porro voluptas esse autem maxime dolor et. Rerum ullam autem magni consequatur ipsa ex velit. Adipisci voluptatem nam quas ut assumenda quas. Exercitationem omnis minus molestiae aliquam. Sapiente facere consequuntur aspernatur et voluptate consequuntur quo. Quia debitis omnis est. Vel est fugit qui et aut. Voluptatem et recusandae delectus ad vitae. Ut possimus eveniet ea. Quia voluptas ab voluptas. Ut quod libero sequi non laudantium sint consequuntur velit. Accusamus ex at eius tenetur nam. Dicta minima minima necessitatibus dolor est qui natus. Dolore quos ut soluta consequatur reiciendis aut quia vel. Excepturi eos esse et architecto ducimus quo. Natus aut fugit qui aut ut nihil nihil. Sapiente ut sint suscipit occaecati omnis ad nisi voluptatem.','Alias.',12,NULL,'1997-08-12 18:32:14','2017-03-25 16:28:53'),(96,96,36,'Qui quo fugit ut. Eaque nemo modi alias velit. Mollitia rerum quaerat natus atque quod. Earum ab qui similique rerum corrupti vero accusamus. Reiciendis dicta non odit suscipit non soluta et. Omnis temporibus incidunt eum quisquam minus. Repellendus corporis cum voluptatem quae officiis vitae. Et assumenda aut qui. Eius expedita recusandae eaque sint. Sit laudantium voluptatem dolor eos voluptas. Modi quo fugit tempora. Id vel labore doloremque omnis voluptatem neque. Quia laborum voluptatem laudantium libero eos.','Laborum ad.',10,NULL,'1993-10-06 06:25:22','2000-03-24 23:02:44'),(97,21,94,'Aliquam ea qui distinctio quod. Rerum quis dolor odit illo dolorem. Aut illo tenetur a quisquam voluptas. Sequi laudantium et atque est incidunt. Error nostrum et nihil. Earum ut ipsam deleniti dolores. Vel non ut qui sit in. Voluptatum corrupti possimus aut maiores hic provident nemo. Et dolorem officia autem non eum voluptate. Iusto distinctio in dolores consequatur aperiam beatae consectetur. Quia et a consectetur voluptatem veritatis. Aut provident voluptatem quo. Odio facilis maiores iure hic earum et. Iste occaecati esse iusto qui est culpa ipsum. Laborum omnis corrupti in molestiae quas voluptatem. Sit autem error sit dolor.','Necessitatibus enim.',9,NULL,'2011-06-29 14:36:03','1989-01-19 22:10:05'),(98,56,82,'Maxime porro consequatur perspiciatis dolor. At veritatis molestias quidem et id et accusamus. Magnam culpa aut molestiae vel sunt quos. Magnam eveniet aut mollitia dicta rerum ea enim. Eius ducimus a culpa voluptatem modi quo recusandae eaque. Iste omnis aut quasi. Voluptatem ut nihil iusto molestias illo dignissimos quam sapiente. Ut non sequi eum libero dolor. Minus modi placeat qui id ea magnam. Atque dolor vel nobis in ex et unde. Enim culpa quas ex sed qui omnis molestiae. Ratione doloribus qui facere dolor dignissimos corporis. Perspiciatis quia quia sed ut totam. Ut culpa possimus ut deleniti. Autem doloribus nihil saepe.','Dolores illo.',5,NULL,'2005-08-29 09:06:16','2007-08-18 01:21:22'),(99,54,47,'Blanditiis vitae totam sint omnis dolores. Ducimus corporis distinctio nesciunt. Facere iure amet facere explicabo. Neque molestiae ut enim quisquam. Et cum modi hic laboriosam omnis sapiente. Aut quia voluptatem consectetur ut voluptatibus quos. Corporis officiis et vel quia non. Et deleniti eos similique voluptatem rerum et sequi illum. Earum nesciunt et quis sed assumenda sit. Consectetur a ex minus amet atque voluptatem. Eos nemo placeat et consequatur molestiae explicabo. Rerum cupiditate sit eius quis atque ut aut. In qui sed at nesciunt ad eum. Eaque repellat officiis maiores impedit nam est aut. Est provident ut illum commodi quo tempore. Quaerat labore et rem accusamus. Nihil molestiae repellat distinctio repellat. Laudantium animi doloribus fuga nemo iste ducimus possimus unde. Mollitia doloribus modi voluptates officiis dolores minus. Amet omnis corporis inventore provident delectus quos. Blanditiis molestias aut eum enim aut sequi. Deleniti libero quo pariatur tenetur velit iste.','Voluptates.',8,NULL,'1989-04-07 22:52:18','1995-08-11 18:47:42'),(100,71,71,'Doloribus perspiciatis rerum modi velit dolores officiis ipsam debitis. Similique explicabo voluptatem fugiat eum eum quae sint. Qui soluta ut voluptatem id. Voluptatem consequatur velit incidunt sed eius ea sed. Officiis ea officiis omnis est molestiae sequi hic adipisci. Quo consequatur itaque praesentium necessitatibus. Consequatur non eveniet enim rem laborum assumenda fugiat. Nihil atque fuga id praesentium quam. Quae est sint ad architecto fugiat ea culpa. Doloribus quis nostrum laboriosam voluptatum et. Natus velit quo consectetur et quo. Reiciendis pariatur libero voluptatem quasi. Quaerat quo impedit voluptas aliquid error tenetur neque. Eos aut aut aliquam ratione saepe sed. Omnis tempora aut iure veniam et corrupti ut. Qui ipsa hic impedit porro. Et autem ipsam quia aspernatur dicta tempore. Sed harum ex amet est. Sit molestiae quia ut nihil magnam.','Dolorum porro.',11,NULL,'1992-01-31 19:11:27','2017-08-30 11:41:15');
/*!40000 ALTER TABLE `media` ENABLE KEYS */;
UNLOCK TABLES;

--
-- Table structure for table `media_types`
--

DROP TABLE IF EXISTS `media_types`;
/*!40101 SET @saved_cs_client     = @@character_set_client */;
/*!40101 SET character_set_client = utf8 */;
CREATE TABLE `media_types` (
  `id` bigint(20) unsigned NOT NULL AUTO_INCREMENT,
  `name` varchar(255) COLLATE utf8mb4_unicode_ci DEFAULT NULL,
  `created_at` datetime DEFAULT current_timestamp(),
  `updated_at` datetime DEFAULT current_timestamp() ON UPDATE current_timestamp(),
  PRIMARY KEY (`id`)
) ENGINE=InnoDB AUTO_INCREMENT=101 DEFAULT CHARSET=utf8mb4 COLLATE=utf8mb4_unicode_ci;
/*!40101 SET character_set_client = @saved_cs_client */;

--
-- Dumping data for table `media_types`
--

LOCK TABLES `media_types` WRITE;
/*!40000 ALTER TABLE `media_types` DISABLE KEYS */;
INSERT INTO `media_types` VALUES (1,'Illo soluta.','2001-03-26 02:16:20','2008-03-05 03:02:11'),(2,'Quisquam quo.','2014-01-17 10:35:13','2011-07-05 12:41:27'),(3,'Soluta.','1997-12-11 10:27:06','1987-05-25 02:11:19'),(4,'Eum aperiam.','2000-11-20 22:09:50','1978-12-07 21:24:28'),(5,'Reiciendis necessitatibus.','1984-09-09 17:07:58','1991-04-28 18:13:55'),(6,'Culpa.','1971-02-02 10:49:42','1981-09-27 21:58:59'),(7,'Distinctio.','2017-07-28 10:17:49','1977-04-28 17:23:22'),(8,'Ut.','1980-08-21 18:30:45','1990-04-29 10:35:11'),(9,'Et.','2001-01-19 07:53:00','1980-09-12 10:07:23'),(10,'A.','2002-09-16 23:16:34','1981-06-01 12:46:36'),(11,'Nihil.','2011-02-27 15:04:41','1976-09-08 16:30:47'),(12,'Sed architecto.','2019-12-20 03:22:51','1979-08-03 00:38:07'),(13,'Neque nulla.','1994-06-19 01:13:22','2016-11-02 02:55:37'),(14,'Amet vero.','2020-06-23 00:25:05','1981-12-15 06:43:03'),(15,'Dolorem suscipit.','1984-01-23 21:04:50','1984-12-22 02:56:30'),(16,'Laboriosam.','2013-03-19 13:28:23','2020-11-05 18:11:31'),(17,'Voluptas fugit.','2016-09-14 02:49:23','1977-10-29 04:49:11'),(18,'Consequatur suscipit.','1986-12-11 13:47:32','1983-02-19 03:52:53'),(19,'Qui aut.','1979-05-24 22:42:29','1989-11-14 18:23:21'),(20,'Dolorem dolores.','1979-03-03 19:27:28','1973-03-15 04:02:25'),(21,'Doloribus.','2015-09-16 16:44:56','1973-02-06 12:51:22'),(22,'Iusto aut.','1997-02-03 13:58:36','2018-12-22 16:41:28'),(23,'Non rerum.','1980-10-06 02:30:09','1987-01-04 13:39:54'),(24,'Accusantium.','1970-01-17 00:31:35','1983-10-27 11:42:28'),(25,'Qui eius.','1971-01-08 10:41:36','2020-07-01 21:05:47'),(26,'Velit nisi.','2010-02-28 03:48:33','1971-04-21 01:20:30'),(27,'Placeat in.','1984-09-12 19:02:44','2004-03-07 04:44:32'),(28,'Qui.','1986-03-11 15:48:24','1970-05-04 13:31:46'),(29,'Accusamus non.','2006-11-01 11:59:31','1973-04-27 18:54:53'),(30,'Ad.','1988-08-01 09:24:07','2009-04-26 01:21:37'),(31,'Est.','2001-07-06 06:33:50','2000-10-12 05:19:32'),(32,'Consequatur.','2014-06-03 16:54:00','1971-06-01 12:14:43'),(33,'Dolorem.','2008-02-05 22:31:56','2017-12-08 13:34:36'),(34,'Ducimus.','1983-12-13 17:33:36','1987-05-28 10:32:41'),(35,'Hic.','1985-02-17 16:54:54','2016-10-30 09:42:22'),(36,'Iure.','1990-07-22 21:40:13','2006-03-10 11:29:08'),(37,'Error quia.','1983-07-12 23:18:07','2008-04-17 20:55:11'),(38,'Enim.','2005-04-12 14:27:43','2007-09-26 20:51:17'),(39,'Quia.','1971-01-28 09:58:23','2008-02-09 13:59:47'),(40,'Aut voluptatem.','1979-07-20 10:58:55','2017-09-23 09:30:48'),(41,'Dolores sint.','2011-12-30 23:30:45','1998-10-18 14:06:33'),(42,'Sapiente occaecati.','1988-04-03 04:12:41','1985-06-27 02:32:46'),(43,'Deleniti.','2010-07-12 12:17:02','2008-09-30 05:52:32'),(44,'Qui omnis.','1981-11-04 08:36:33','2004-10-02 06:09:17'),(45,'Omnis explicabo.','2005-04-05 07:02:53','2006-06-17 07:37:55'),(46,'Dolor soluta.','2013-07-11 21:38:47','1992-08-29 05:51:40'),(47,'Et nostrum.','2019-03-05 16:27:54','1987-04-29 20:34:27'),(48,'Omnis vitae.','2013-06-13 16:15:57','2018-09-30 16:49:35'),(49,'Quis non.','2015-02-25 05:26:57','2010-12-23 06:38:33'),(50,'Quis voluptate.','2011-08-15 04:29:37','2009-11-24 02:37:41'),(51,'Quod.','1979-01-18 12:01:17','1989-05-11 10:50:22'),(52,'A sunt.','2002-12-07 03:22:02','2018-04-05 15:52:31'),(53,'Sed.','2014-03-25 12:09:36','1992-09-10 13:54:46'),(54,'Vel.','1985-08-22 16:05:13','1973-05-18 00:10:49'),(55,'Dolor omnis.','2008-07-05 16:16:39','1974-05-28 05:02:30'),(56,'Minus.','1989-02-26 10:59:32','1972-11-17 09:35:59'),(57,'Est ullam.','2009-01-26 12:49:13','2019-12-19 08:26:41'),(58,'Aut.','2011-08-02 11:26:46','2011-06-11 14:49:12'),(59,'Ipsum voluptatem.','1991-09-14 11:20:33','2007-06-08 09:42:12'),(60,'Eos eius.','2015-10-29 23:53:23','2009-05-21 20:01:42'),(61,'Iure.','2000-02-04 03:15:10','2006-08-19 15:21:16'),(62,'Quaerat.','1971-09-19 23:06:48','1973-10-05 07:34:30'),(63,'Aut.','1971-05-03 02:03:21','2014-10-11 20:30:36'),(64,'Repudiandae.','1988-01-31 15:19:32','2014-05-27 11:48:09'),(65,'Sint.','1991-02-14 15:57:00','1998-01-23 20:22:38'),(66,'Rerum.','2012-01-18 15:17:29','1987-08-11 20:00:35'),(67,'Totam ad.','1986-07-17 09:27:36','1991-06-20 15:20:41'),(68,'Placeat non.','1973-07-27 01:28:58','2006-06-19 09:33:31'),(69,'Aut.','2003-09-13 21:05:52','2010-03-28 03:31:01'),(70,'Vero nam.','1971-11-03 10:38:41','2018-01-09 10:19:20'),(71,'Et.','2015-11-06 00:09:08','2000-08-28 06:06:28'),(72,'Sit.','2020-12-25 09:56:44','1992-11-06 13:19:32'),(73,'Quo saepe.','1990-09-24 06:48:09','1994-05-17 21:21:03'),(74,'Molestiae soluta.','1992-12-10 07:32:02','1975-09-11 14:52:10'),(75,'Esse.','1989-09-09 07:01:40','2006-03-01 23:23:13'),(76,'Dolore.','2014-04-15 08:28:39','1977-03-28 08:52:50'),(77,'Vero.','1981-05-01 16:02:55','1970-10-01 03:23:49'),(78,'Sint beatae.','1995-07-17 13:55:52','2009-07-10 07:46:42'),(79,'Laborum.','1996-07-16 20:55:16','2011-12-04 09:26:40'),(80,'Consequatur.','1975-04-24 18:36:52','1999-10-14 17:39:12'),(81,'Saepe nobis.','2019-09-27 04:54:24','1977-11-22 17:05:09'),(82,'Eum est.','1977-09-27 00:50:47','2010-05-02 16:28:01'),(83,'Quidem quia.','1975-07-18 04:17:38','2008-12-08 03:31:39'),(84,'Qui.','1978-10-11 01:24:31','1999-06-14 21:54:25'),(85,'Voluptatem esse.','2016-12-12 02:59:47','1986-03-06 14:20:24'),(86,'Omnis.','1976-01-25 06:46:43','2004-11-27 22:41:05'),(87,'Quis.','2017-10-16 07:09:47','1975-08-24 01:34:33'),(88,'Mollitia.','1978-04-29 20:51:25','1992-05-01 19:45:24'),(89,'Porro neque.','1979-12-05 07:45:49','1999-04-02 00:53:18'),(90,'Vitae.','2017-12-22 10:53:31','2000-08-25 12:02:42'),(91,'Sint.','1998-03-16 23:37:14','1995-09-24 10:54:06'),(92,'Iste.','1973-06-23 07:19:27','2017-11-01 18:31:44'),(93,'Perferendis rerum.','2014-08-18 00:52:26','2008-01-20 11:28:38'),(94,'Et rem.','1992-05-21 08:50:56','2001-12-15 10:29:59'),(95,'Animi.','1982-12-23 16:53:57','1996-08-29 07:09:50'),(96,'Non.','1998-10-22 19:45:58','2011-03-07 06:27:58'),(97,'Numquam odio.','2021-01-02 06:20:09','2014-05-26 08:17:33'),(98,'Nihil earum.','1981-04-02 10:16:34','1985-06-28 22:03:10'),(99,'Voluptatum ut.','2001-08-20 13:53:21','2019-04-10 07:55:57'),(100,'Vitae.','2015-01-06 12:33:52','1978-12-15 22:42:13');
/*!40000 ALTER TABLE `media_types` ENABLE KEYS */;
UNLOCK TABLES;

--
-- Table structure for table `messages`
--

DROP TABLE IF EXISTS `messages`;
/*!40101 SET @saved_cs_client     = @@character_set_client */;
/*!40101 SET character_set_client = utf8 */;
CREATE TABLE `messages` (
  `id` bigint(20) unsigned NOT NULL AUTO_INCREMENT,
  `from_user_id` bigint(20) unsigned NOT NULL,
  `to_user_id` bigint(20) unsigned NOT NULL,
  `body` text COLLATE utf8mb4_unicode_ci DEFAULT NULL,
  `created_at` datetime DEFAULT current_timestamp(),
  PRIMARY KEY (`id`),
  KEY `from_user_id` (`from_user_id`),
  KEY `to_user_id` (`to_user_id`),
  CONSTRAINT `messages_ibfk_1` FOREIGN KEY (`from_user_id`) REFERENCES `users` (`id`) ON DELETE CASCADE ON UPDATE CASCADE,
  CONSTRAINT `messages_ibfk_2` FOREIGN KEY (`to_user_id`) REFERENCES `users` (`id`) ON DELETE CASCADE ON UPDATE CASCADE
) ENGINE=InnoDB AUTO_INCREMENT=101 DEFAULT CHARSET=utf8mb4 COLLATE=utf8mb4_unicode_ci;
/*!40101 SET character_set_client = @saved_cs_client */;

--
-- Dumping data for table `messages`
--

LOCK TABLES `messages` WRITE;
/*!40000 ALTER TABLE `messages` DISABLE KEYS */;
INSERT INTO `messages` VALUES (1,81,51,'Doloribus voluptates id corrupti officia id eos odit. Debitis ut quas et sed laudantium. Laudantium optio expedita dicta et officiis nostrum. Inventore iure ut reiciendis sint.','2005-07-13 06:05:47'),(2,73,20,'Quisquam similique quod aut facilis quisquam labore. Iusto magnam consequatur distinctio numquam a enim est nihil. Explicabo ut inventore nobis necessitatibus asperiores.','2003-03-11 13:43:27'),(3,4,25,'Voluptatem voluptatem omnis numquam dicta. Quis explicabo velit non aut et et repudiandae. Ut quasi perspiciatis sit doloribus harum ullam consequatur.','1973-09-23 09:33:56'),(4,3,98,'Sunt iusto autem et eius quae est. Laborum vel laudantium quo sint ut. Quaerat aliquam ut optio sapiente autem.','1983-04-21 06:44:48'),(5,36,42,'Eum excepturi rem voluptatem. Atque debitis sunt rerum delectus.','1973-09-16 01:18:56'),(6,53,4,'Rerum et totam ut. Omnis temporibus velit sapiente quae et et sint a. Dignissimos facere veniam tempora dolor voluptatibus mollitia.','1978-07-07 19:05:34'),(7,97,33,'Odit necessitatibus maxime qui temporibus est eum vel vitae. Ea vel aut quis et placeat minima sint ea. Officia et unde quia mollitia ut.','2014-06-30 02:44:22'),(8,8,10,'Rerum sapiente dolorem accusantium. Et deleniti deserunt possimus. Commodi soluta id temporibus autem nulla qui. Eum et occaecati molestias magnam.','1992-01-14 17:51:22'),(9,86,79,'Inventore omnis quis nobis voluptas. Laboriosam aspernatur deleniti provident. Quidem optio ad est magnam.','1974-11-20 15:02:51'),(10,1,55,'Accusantium occaecati recusandae accusamus asperiores quia. Asperiores tempora et et non. Nam consequatur optio et voluptates est quisquam aut tempore.','2014-12-20 21:20:19'),(11,7,79,'Unde rem vitae corporis. Nihil molestiae dolores doloribus aut sint aut. Ea et amet et dolores quaerat nemo. Itaque dolorem et nobis quas.','1975-03-15 12:10:17'),(12,54,61,'Veniam est eum error. Aspernatur esse optio autem necessitatibus cumque recusandae voluptatem. Dolorem nesciunt dolorem dolor vitae minima quaerat. Explicabo quod cumque atque in.','1985-08-28 07:32:40'),(13,35,55,'Perspiciatis maiores vel aliquid vitae vitae voluptatum. Tenetur ex est eos omnis.','1983-05-27 15:11:00'),(14,95,95,'Quisquam eius aliquam non inventore atque voluptas. Aliquam asperiores voluptas non et et animi tenetur. Tenetur non dolorem facere sapiente.','1996-04-01 21:05:57'),(15,94,95,'Dicta at voluptatum architecto minus. Expedita quasi eum repellendus ea aut repellat architecto. Cupiditate omnis in error. Beatae qui modi possimus numquam fugiat perferendis omnis fugiat.','1997-04-29 16:54:14'),(16,12,75,'Et ratione et ut dolore. Tenetur blanditiis corporis quas tempora incidunt ut delectus. Dolor voluptates animi quo et et occaecati.','2010-05-16 20:42:10'),(17,45,85,'Et suscipit in at sit nihil. Et ut quam aut labore. Laboriosam iusto rem ab. Et qui error rerum omnis est totam nihil aut.','1977-03-25 00:26:33'),(18,94,49,'Fuga blanditiis sunt hic rem est. Ipsam vitae quia commodi deleniti. Consectetur omnis accusantium ut est corporis sit. Veritatis dolores ea sed.','1972-09-21 12:06:50'),(19,10,97,'Blanditiis tempora velit nulla consequatur consequatur. Placeat sequi ipsum accusamus odio et voluptatibus qui. Laborum mollitia sed enim et magnam sapiente.','1991-11-19 16:41:03'),(20,46,46,'Repellendus minus temporibus sunt quam. Ut quo fuga in quidem at est. Et ipsam autem aut voluptatibus maxime. Non eaque nihil est voluptatem.','2015-04-30 04:42:41'),(21,39,99,'Quod ea molestiae et. Ipsam debitis omnis qui possimus nisi praesentium. Ipsa fuga quo sapiente aut mollitia.','2019-09-14 16:10:09'),(22,50,35,'Eius rerum sapiente ad totam laudantium iste sed dicta. Ut iste iure voluptatum consequuntur nemo debitis. Dicta ut rerum aspernatur velit maxime iusto. Exercitationem dolor quo veritatis tenetur.','2013-12-06 10:50:47'),(23,31,57,'Fugit ut soluta aut et fugiat et eum magnam. Officia odit placeat laborum magnam illum. Illum est omnis quis a ab culpa doloremque.','2005-03-13 22:04:16'),(24,45,17,'Explicabo rem officiis et ut. Vero eum vitae nesciunt sint omnis. Repellendus vero et voluptates dicta cupiditate.','2003-10-10 13:25:03'),(25,36,45,'Pariatur maxime quis alias deleniti magni eum. Animi consectetur facilis molestias quo cumque sapiente. Quidem et quas enim quisquam.','1979-09-22 03:05:30'),(26,72,43,'Est totam consequatur minus corporis itaque sequi explicabo dicta. Eum dolores quo eaque est cupiditate dolorem. Aut nam libero et voluptates recusandae.','1974-06-03 17:18:24'),(27,23,25,'Officiis vitae sequi sed. Est recusandae aut quaerat et est incidunt. Soluta illum voluptatem ea ullam eum ipsa sed.','1970-09-13 22:24:12'),(28,3,57,'Unde reiciendis dignissimos mollitia dicta. Blanditiis autem commodi fuga molestiae mollitia adipisci odit. Eveniet dolorem vero veniam porro assumenda.','1989-01-03 11:23:32'),(29,80,98,'Saepe quis eum minima rem qui amet. Iusto id sit sit dolorem officia sapiente. Porro ab accusantium et consequatur nesciunt. Qui consequuntur neque quos sit.','2020-02-24 21:35:56'),(30,52,74,'Unde eius tenetur aspernatur maiores eos nobis. Sint omnis fugiat est consequatur enim. Ullam est quam quo. In hic impedit ut iusto.','1988-10-06 03:46:56'),(31,93,64,'Temporibus sint minima qui et qui dolorum. Ipsum quibusdam id et nihil. Quam itaque eos sunt non placeat.','2018-12-28 14:55:38'),(32,48,37,'Numquam cumque cupiditate quisquam. Fugiat deserunt nulla incidunt eveniet aut.','1975-10-10 09:52:03'),(33,48,42,'Molestias quia velit recusandae dignissimos quia. Iste tempore et omnis eum.','1970-03-09 23:19:44'),(34,86,58,'Odio atque molestiae amet rerum quis. Ab reiciendis doloribus aliquam vero similique qui. Possimus laudantium debitis asperiores id quia ut.','1985-11-06 07:38:36'),(35,39,31,'Qui iste sit temporibus ut. Sunt maiores aut corrupti quia et at aut. Et ut tenetur voluptatem nihil quod temporibus consequuntur.','1997-02-25 06:03:31'),(36,3,78,'Et rerum et quia qui sint. Voluptatem et nostrum eos dicta harum. Ducimus sunt necessitatibus ea quis a iusto assumenda.','1994-04-16 18:43:09'),(37,29,52,'Laborum perspiciatis enim amet rem corrupti pariatur ipsum. Ea aperiam expedita facere dolores voluptatem voluptas. Hic vero provident sint tempora aut reiciendis rem.','1978-10-08 21:08:38'),(38,12,60,'Dolor omnis eum qui adipisci quas unde a. Sint minima velit commodi molestiae non cupiditate. Aut soluta eum vero voluptates. Vel neque quos tenetur aspernatur veniam molestiae.','2013-08-16 08:48:38'),(39,8,56,'Tenetur similique officiis totam et nostrum exercitationem. Nulla tenetur et dolores mollitia. Et est in minima. Aliquid quo et doloremque esse repellat libero.','1973-03-21 10:59:50'),(40,77,44,'Atque in rerum rem debitis. Fugiat perspiciatis ea hic et ut ipsam. Ipsam sed vero nemo rerum sed consectetur omnis. Quo qui iusto repudiandae ducimus in.','2004-06-03 14:23:26'),(41,100,48,'Quia voluptatem saepe ea delectus. Aut rerum iure odio enim veniam cupiditate possimus similique. Vel modi provident aut eius libero.','2016-01-01 04:23:00'),(42,86,23,'Officia non rem laudantium laudantium impedit et. Eaque repellat omnis repellat. Nisi odio ut labore dolores.','1978-07-29 15:54:42'),(43,73,89,'Ea necessitatibus voluptatem sunt facilis impedit recusandae. Qui consectetur sit qui cumque. Aliquam nam pariatur laboriosam laborum. Minima amet eos neque laboriosam officiis asperiores.','2011-07-25 16:00:28'),(44,79,52,'Ea sit pariatur delectus asperiores nam. Nihil voluptas voluptates aut quis. Minus eos accusamus velit eligendi vero veritatis aut. Quia dolores ipsa voluptates vitae occaecati.','2013-10-02 16:26:28'),(45,86,30,'Nesciunt incidunt expedita ratione laborum dolorem et tempora. Quo adipisci non molestiae molestiae nemo. Quibusdam eos aliquam est accusamus veniam aspernatur.','2004-04-12 17:21:49'),(46,25,79,'Explicabo maxime quibusdam pariatur et qui. Nesciunt ut velit nulla odio a. Assumenda temporibus qui est eveniet corrupti ut unde. Aut alias enim explicabo excepturi accusamus explicabo qui.','1986-05-21 09:23:29'),(47,93,73,'Et quia incidunt autem earum ipsa. Molestiae ex voluptates ipsa et accusantium cum. Harum qui et sequi quis amet ea quidem.','1981-08-12 18:32:16'),(48,16,41,'Nihil porro occaecati neque quod. Inventore velit perspiciatis eius debitis minus ab. Et veritatis harum dolorem ea error. Voluptatibus excepturi quam est vitae rerum ut ut.','1998-06-09 18:55:25'),(49,15,1,'Voluptatum eum ad qui dolorem. Eum quo sequi dolore doloremque. Quam error consequuntur voluptas ut accusantium assumenda. Amet sint suscipit possimus ipsam voluptatem qui.','2016-09-02 11:47:20'),(50,98,54,'Aut excepturi non alias tenetur repellat est eveniet quod. Dolor error debitis nesciunt molestiae. Sunt sit sit voluptatem odit hic omnis vel.','1997-07-30 00:28:05'),(51,31,1,'Et aut laborum laborum doloremque nihil. Quidem qui laborum voluptates aspernatur harum voluptas omnis. Magnam quo eum inventore facere maxime sequi sit. Nemo magni accusantium dolorum in aut.','1996-05-31 15:51:56'),(52,31,60,'Perferendis et beatae quos tenetur aliquid tenetur. Magni reiciendis odio in id facere facere. Unde officia harum nam maxime veniam.','1994-10-28 05:11:59'),(53,52,43,'Deserunt consectetur in sit doloremque aliquam. Qui qui illum nihil eveniet sint. Libero velit voluptatem ab vel cum corrupti eos. Velit rem maiores eveniet possimus recusandae.','1986-08-23 19:41:33'),(54,19,60,'Ut quos quibusdam doloremque accusamus delectus. Quibusdam quia architecto excepturi et eos sunt laudantium.','1977-04-16 08:10:09'),(55,99,96,'Praesentium neque quae veniam animi. Illum atque atque non nihil a at.','1990-04-13 23:53:11'),(56,4,98,'Nam quia error voluptatem repellat laborum. Id quia et provident non eos nihil. Aspernatur fugiat ipsam laborum officia.','1987-12-16 10:28:54'),(57,43,89,'Nemo placeat libero qui incidunt unde. Delectus voluptatum perspiciatis deserunt ut sed nisi. Qui nam culpa id. Dolorum cumque similique et natus voluptatem.','2015-06-12 19:33:20'),(58,21,15,'Et a dolorem velit consequatur non. Recusandae nihil aut necessitatibus maiores repudiandae excepturi neque quis. Eligendi error ut possimus earum. Quo voluptates repellendus dolore et.','2004-09-16 02:02:06'),(59,77,99,'Corrupti quisquam nisi a est. Nulla laborum enim magnam fugiat temporibus. Expedita modi voluptas tempore dolores.','1976-01-27 19:07:35'),(60,66,63,'Ut consequuntur et quis animi nisi voluptate. Alias eos reprehenderit autem vel quia hic illo maxime. Dolorem totam ipsa dolorem rerum.','2013-08-06 12:18:35'),(61,29,91,'Quisquam atque deleniti qui ratione. Asperiores suscipit nihil ut. Aut sed nihil explicabo maxime et.\nUllam rerum eos alias vel perspiciatis. Et non repellat amet aut. Tempore suscipit fugit culpa.','1984-06-12 19:02:21'),(62,41,22,'Maiores cum quo nesciunt. Soluta illum molestias voluptates nostrum et alias animi. A quibusdam harum dolorem.','2002-05-21 16:12:04'),(63,63,56,'Sed accusamus debitis voluptatem in dolores voluptas facere. Voluptatem vel ipsum ut aut voluptate. Ipsa numquam distinctio debitis eveniet. Ut a et aperiam error est in nisi.','1999-04-08 01:15:28'),(64,63,77,'Ut laborum aut laborum in laborum corporis. Quas asperiores et ratione aut aspernatur et.','2002-02-02 00:29:27'),(65,56,61,'Aut accusantium quo harum est vero. Sit voluptatum necessitatibus consectetur quaerat ab nam. Quia molestias quam similique ducimus molestiae odit rerum autem.','2007-06-04 14:15:19'),(66,30,87,'Ab eum harum consequatur soluta esse. Officia odit nam vitae ducimus soluta velit ipsam. Aut nostrum aliquam at voluptatem.','2003-11-15 06:44:34'),(67,61,61,'Commodi illum reprehenderit optio in porro delectus dolorem distinctio. Tempore omnis aperiam iste maxime sed et et omnis. Expedita suscipit sit et eaque quam minus.','1972-12-25 20:34:55'),(68,46,13,'Quis quidem asperiores odio magnam eum alias natus. Eum rerum ut quia consequatur vitae et dolores. Quae cum est unde consequatur dolore atque ipsa aperiam.','1993-12-09 04:19:35'),(69,3,65,'Ipsam nihil sit sint minima cupiditate omnis aut natus. Eos cupiditate quibusdam sed asperiores iste ut. Vel autem illo qui sit. Libero et numquam enim est ipsam assumenda aut aspernatur.','1992-12-15 19:37:26'),(70,73,1,'Ut molestiae labore expedita accusantium quae tempora repudiandae. Suscipit sed dolorem ut aliquam. Tenetur reiciendis placeat esse aliquid odio repellat.','2018-11-04 06:31:55'),(71,60,76,'Voluptatem deleniti id itaque qui quod. Accusantium corporis minima quisquam.','1989-06-11 22:19:21'),(72,99,3,'Impedit enim voluptate iure porro aliquam repellendus. Culpa quia consequatur repellendus molestiae magnam. Adipisci voluptas repudiandae facilis minus.','1991-07-01 06:53:09'),(73,64,19,'At labore odit est. Consequatur veritatis inventore nulla nesciunt cum. Fuga alias laboriosam soluta architecto aliquid error dignissimos.','1993-06-25 19:04:29'),(74,17,41,'Fugit consequatur placeat voluptas autem quo ipsam eum. Explicabo animi assumenda sapiente est dolorem. Iste nulla molestiae quibusdam veritatis harum. Dolor assumenda ipsum quis.','1992-09-23 10:14:05'),(75,18,83,'Vel voluptate aliquam vero dolor est corrupti. Velit distinctio ipsam dolorum impedit. Iste sit eos itaque molestiae assumenda numquam dolorum. Aut quidem sed enim iure libero odit.','1980-07-21 12:06:09'),(76,4,47,'Est corrupti quidem eos repellendus nobis. Est earum odit quo eos. Provident non voluptatem iste nisi.','2020-06-16 22:27:39'),(77,73,45,'Perspiciatis officia officia est et fugit velit. Dignissimos a perferendis laudantium vero nesciunt. Consequatur sapiente beatae veritatis neque consequatur ea.','1990-05-23 07:53:07'),(78,69,36,'Voluptas dolore illum eius. Ut minima architecto quo eius qui non.','1982-09-30 12:58:04'),(79,100,31,'Natus amet natus distinctio quos. Neque in reiciendis necessitatibus non itaque quisquam. Repudiandae rerum numquam repellendus totam. Facilis non assumenda earum asperiores.','2003-06-26 19:40:48'),(80,12,56,'Nostrum consequuntur similique magni voluptas ut numquam beatae quis. Quo quibusdam quibusdam itaque consequuntur inventore enim unde quis. Qui est quidem illo rerum dolorem ea soluta.','2015-08-06 23:33:01'),(81,92,42,'Dicta et consequatur iusto est debitis qui laudantium. Ducimus ut minima et neque. Dolor at non culpa ducimus debitis sequi nesciunt non. Minus cumque qui laborum qui nulla est quo.','1970-08-08 15:06:12'),(82,43,52,'Modi eos et laboriosam in qui quisquam. Maiores fugiat rem magnam dolores. Eum perspiciatis beatae eum similique. Fugiat neque optio dicta.','1981-01-28 00:59:34'),(83,3,89,'Non repudiandae pariatur aut voluptatem. In quasi aut at. Cumque eveniet ea dolores modi reiciendis assumenda iste animi. Dicta nihil voluptatem a quos.','2009-05-02 22:49:20'),(84,65,5,'Fugiat alias tempore sed doloremque doloremque sunt. Rem suscipit odio quaerat repellendus minima magnam numquam. Eos autem enim aut iure. Nobis est maxime explicabo.','2007-03-26 13:43:30'),(85,53,37,'Est non nam cumque quod officiis. Facilis provident eum fugiat laborum veniam eum. Quod nulla ad rem possimus. Et est officiis consequatur eveniet.','1996-05-25 20:09:50'),(86,6,13,'Quod ea aut id eos. Fugiat voluptatem ab animi perferendis.\nNisi et dolorum numquam expedita id. Iusto quis officia sit vel. Consequatur non autem sint.','2003-10-28 21:56:35'),(87,12,5,'Velit nihil amet tenetur vero. Laborum harum vitae fugiat ab id rerum a.','2002-10-25 02:53:18'),(88,16,76,'Repellendus similique aut id repudiandae nesciunt quis accusamus. Voluptatem sed tempora harum inventore fuga.','2014-06-19 01:19:36'),(89,23,32,'Ut rerum ipsa dolores et ad. Quo repudiandae repellendus ratione provident quaerat velit. Aut quo consequatur temporibus fugiat eius.','1981-08-22 11:20:37'),(90,16,41,'Et nesciunt distinctio exercitationem autem aut reprehenderit. Facere quibusdam unde molestias inventore corporis. Delectus est repellat hic aliquid numquam tempore quo.','1975-04-17 18:12:09'),(91,15,19,'Quos qui et adipisci rerum alias. Ut sit facere expedita et maxime illum.','2001-11-12 10:01:44'),(92,88,87,'Eum nesciunt a magni corporis. Ad sapiente expedita perferendis voluptatem. Consequatur facere impedit molestiae. Iste ea et accusamus aperiam fuga sit.','2019-06-03 00:50:27'),(93,64,56,'Tempora cupiditate tempore natus. Cumque laborum consectetur saepe ea quas aliquam. Porro ut ipsa nesciunt possimus velit quisquam. Eaque ducimus mollitia quas. Maxime dolor perferendis explicabo.','1986-07-14 20:54:23'),(94,22,63,'Nemo qui adipisci et ut dolor. Aut est eius sed doloribus aut. Et magni quod non maiores consequatur dolorem iusto.','2008-05-03 05:40:40'),(95,87,34,'Vel numquam est eligendi ad est inventore. Qui suscipit sequi qui magni quia a aut. A iusto eius ut numquam. Maxime earum eaque dolores blanditiis.','2007-02-08 20:09:01'),(96,19,78,'Commodi repudiandae quasi quaerat ab est consequatur. Dolorem autem sunt at tempora et eum. Ut sed error nobis et reprehenderit vitae eius.','1972-02-07 15:14:03'),(97,76,61,'Pariatur eius accusantium ipsam molestiae occaecati. Placeat eius omnis sunt ut sunt. Accusamus quis non delectus autem atque debitis. Voluptatem quo sequi dolor vel et.','1972-06-15 13:01:09'),(98,30,78,'Qui doloribus dolores voluptatum odio architecto. Sequi placeat modi sunt nesciunt est rerum reiciendis.','2002-11-23 12:08:21'),(99,50,94,'Nihil et ut tempore rerum sunt. Minima at ad ad soluta voluptas veniam nisi officiis. Atque ducimus incidunt tempore nihil.','1976-04-27 16:40:21'),(100,83,3,'Incidunt eum odio omnis minima quod pariatur incidunt voluptatem. Repellendus voluptas laborum iusto. Commodi id vitae ex perferendis quo. Tempore sit harum sit exercitationem qui nihil.','1975-05-03 23:08:07');
/*!40000 ALTER TABLE `messages` ENABLE KEYS */;
UNLOCK TABLES;

--
-- Table structure for table `photo_albums`
--

DROP TABLE IF EXISTS `photo_albums`;
/*!40101 SET @saved_cs_client     = @@character_set_client */;
/*!40101 SET character_set_client = utf8 */;
CREATE TABLE `photo_albums` (
  `id` bigint(20) unsigned NOT NULL AUTO_INCREMENT,
  `name` varchar(255) COLLATE utf8mb4_unicode_ci DEFAULT NULL,
  `user_id` bigint(20) unsigned DEFAULT NULL,
  PRIMARY KEY (`id`),
  UNIQUE KEY `id` (`id`),
  KEY `user_id` (`user_id`),
  CONSTRAINT `photo_albums_ibfk_1` FOREIGN KEY (`user_id`) REFERENCES `users` (`id`) ON DELETE SET NULL ON UPDATE CASCADE
) ENGINE=InnoDB AUTO_INCREMENT=101 DEFAULT CHARSET=utf8mb4 COLLATE=utf8mb4_unicode_ci;
/*!40101 SET character_set_client = @saved_cs_client */;

--
-- Dumping data for table `photo_albums`
--

LOCK TABLES `photo_albums` WRITE;
/*!40000 ALTER TABLE `photo_albums` DISABLE KEYS */;
INSERT INTO `photo_albums` VALUES (1,'Aut.',45),(2,'Sit mollitia.',99),(3,'Impedit.',65),(4,'Perferendis.',67),(5,'Distinctio.',88),(6,'Dolorem.',56),(7,'Nobis.',39),(8,'Rerum quod.',54),(9,'Et ut.',79),(10,'Consectetur.',99),(11,'Voluptatibus.',47),(12,'Et.',85),(13,'Impedit.',43),(14,'Quae quod.',87),(15,'Saepe.',55),(16,'Voluptates reprehenderit.',24),(17,'Libero.',74),(18,'Non illo.',87),(19,'Nulla.',25),(20,'Ullam.',31),(21,'Et aliquid.',47),(22,'Est.',55),(23,'Molestiae.',76),(24,'Est sed.',53),(25,'Earum.',78),(26,'Cupiditate architecto.',50),(27,'Dolor.',51),(28,'Sunt omnis.',32),(29,'Molestiae vel.',94),(30,'Blanditiis cum.',16),(31,'Ipsam.',15),(32,'Numquam.',39),(33,'Veritatis.',15),(34,'Corrupti.',79),(35,'At eaque.',5),(36,'Ullam deleniti.',2),(37,'Autem aut.',35),(38,'Eveniet voluptas.',44),(39,'Aut.',56),(40,'Pariatur.',14),(41,'Fugit.',43),(42,'Maiores.',2),(43,'Autem.',98),(44,'Cumque.',85),(45,'Dolor laudantium.',89),(46,'Quisquam aut.',53),(47,'Libero.',9),(48,'Iste fuga.',62),(49,'Et.',39),(50,'Debitis aliquam.',33),(51,'Ea sed.',93),(52,'Accusantium dicta.',86),(53,'Neque numquam.',88),(54,'Accusantium.',68),(55,'Veritatis nam.',39),(56,'Ut.',65),(57,'Sed.',17),(58,'Debitis aut.',89),(59,'Quibusdam est.',96),(60,'Architecto.',11),(61,'Architecto.',5),(62,'Fugiat distinctio.',11),(63,'Aliquam.',49),(64,'Alias quaerat.',19),(65,'Tempora.',89),(66,'Non.',53),(67,'Reprehenderit nihil.',21),(68,'Dolore.',24),(69,'Est.',97),(70,'Sed.',77),(71,'Distinctio doloribus.',38),(72,'Qui.',39),(73,'Ullam.',79),(74,'Expedita repellat.',36),(75,'Est.',24),(76,'Soluta.',67),(77,'Assumenda.',88),(78,'Dignissimos.',32),(79,'Aspernatur voluptates.',28),(80,'Aut et.',27),(81,'Blanditiis ea.',65),(82,'Voluptatem.',21),(83,'Odit.',12),(84,'Porro.',52),(85,'Quia ipsa.',88),(86,'Ullam.',50),(87,'Laboriosam aut.',17),(88,'Et.',5),(89,'Molestias cupiditate.',38),(90,'Molestiae.',13),(91,'Iure nulla.',15),(92,'Ipsa ducimus.',42),(93,'Architecto.',23),(94,'Reiciendis.',63),(95,'Est corrupti.',61),(96,'Possimus.',12),(97,'Aliquid.',16),(98,'At est.',82),(99,'Enim.',35),(100,'Et eius.',13);
/*!40000 ALTER TABLE `photo_albums` ENABLE KEYS */;
UNLOCK TABLES;

--
-- Table structure for table `photos`
--

DROP TABLE IF EXISTS `photos`;
/*!40101 SET @saved_cs_client     = @@character_set_client */;
/*!40101 SET character_set_client = utf8 */;
CREATE TABLE `photos` (
  `id` bigint(20) unsigned NOT NULL AUTO_INCREMENT,
  `album_id` bigint(20) unsigned NOT NULL,
  `media_id` bigint(20) unsigned NOT NULL,
  PRIMARY KEY (`id`),
  KEY `album_id` (`album_id`),
  KEY `media_id` (`media_id`),
  CONSTRAINT `photos_ibfk_1` FOREIGN KEY (`album_id`) REFERENCES `photo_albums` (`id`) ON DELETE CASCADE ON UPDATE CASCADE,
  CONSTRAINT `photos_ibfk_2` FOREIGN KEY (`media_id`) REFERENCES `media` (`id`) ON DELETE CASCADE ON UPDATE CASCADE
) ENGINE=InnoDB AUTO_INCREMENT=101 DEFAULT CHARSET=utf8mb4 COLLATE=utf8mb4_unicode_ci;
/*!40101 SET character_set_client = @saved_cs_client */;

--
-- Dumping data for table `photos`
--

LOCK TABLES `photos` WRITE;
/*!40000 ALTER TABLE `photos` DISABLE KEYS */;
INSERT INTO `photos` VALUES (1,45,39),(2,67,57),(3,67,46),(4,91,78),(5,24,44),(6,24,33),(7,27,1),(8,24,8),(9,54,93),(10,16,78),(11,21,76),(12,35,56),(13,13,78),(14,93,25),(15,98,87),(16,92,43),(17,25,59),(18,99,92),(19,4,90),(20,70,28),(21,33,94),(22,61,59),(23,94,84),(24,67,48),(25,76,83),(26,26,97),(27,58,61),(28,52,71),(29,38,45),(30,96,35),(31,32,87),(32,77,57),(33,46,76),(34,49,49),(35,65,18),(36,77,97),(37,11,37),(38,56,5),(39,21,23),(40,53,97),(41,5,78),(42,93,63),(43,38,45),(44,34,75),(45,89,29),(46,10,21),(47,16,87),(48,77,61),(49,62,25),(50,10,27),(51,43,86),(52,24,54),(53,23,80),(54,58,43),(55,2,10),(56,39,6),(57,88,31),(58,69,26),(59,75,2),(60,100,64),(61,31,10),(62,85,46),(63,97,61),(64,7,59),(65,86,16),(66,85,28),(67,2,8),(68,81,24),(69,87,39),(70,66,89),(71,49,4),(72,95,36),(73,35,63),(74,61,10),(75,65,61),(76,74,95),(77,71,58),(78,40,67),(79,19,47),(80,26,4),(81,62,10),(82,31,63),(83,18,12),(84,87,5),(85,51,52),(86,93,99),(87,56,87),(88,35,90),(89,50,95),(90,100,14),(91,56,73),(92,8,26),(93,30,48),(94,93,48),(95,94,18),(96,52,56),(97,28,83),(98,19,45),(99,94,5),(100,50,45);
/*!40000 ALTER TABLE `photos` ENABLE KEYS */;
UNLOCK TABLES;

--
-- Table structure for table `profiles`
--

DROP TABLE IF EXISTS `profiles`;
/*!40101 SET @saved_cs_client     = @@character_set_client */;
/*!40101 SET character_set_client = utf8 */;
CREATE TABLE `profiles` (
  `user_id` bigint(20) unsigned NOT NULL AUTO_INCREMENT,
  `gender` char(1) COLLATE utf8mb4_unicode_ci DEFAULT NULL,
  `birthday` date DEFAULT NULL,
  `photo_id` bigint(20) unsigned DEFAULT NULL,
  `created_at` datetime DEFAULT current_timestamp(),
  `hometown` varchar(100) COLLATE utf8mb4_unicode_ci DEFAULT NULL,
  PRIMARY KEY (`user_id`),
  KEY `fk_photo_id` (`photo_id`),
  CONSTRAINT `fk_photo_id` FOREIGN KEY (`photo_id`) REFERENCES `photos` (`id`) ON DELETE SET NULL ON UPDATE CASCADE,
  CONSTRAINT `fk_user_id` FOREIGN KEY (`user_id`) REFERENCES `users` (`id`) ON DELETE CASCADE ON UPDATE CASCADE
) ENGINE=InnoDB AUTO_INCREMENT=101 DEFAULT CHARSET=utf8mb4 COLLATE=utf8mb4_unicode_ci;
/*!40101 SET character_set_client = @saved_cs_client */;

--
-- Dumping data for table `profiles`
--

LOCK TABLES `profiles` WRITE;
/*!40000 ALTER TABLE `profiles` DISABLE KEYS */;
INSERT INTO `profiles` VALUES (1,'М','1974-04-23',62,'1983-12-25 06:13:58','Dietrichhaven'),(2,'Ж','1980-08-12',32,'2006-07-18 07:20:20','West Joannyfort'),(3,'М','2012-03-05',79,'2020-07-21 06:03:06','Theresaview'),(4,'М','1990-04-28',48,'1984-01-12 06:31:45','Jalonchester'),(5,'М','2016-01-16',44,'1971-05-10 07:23:57','West Ivory'),(6,'М','2016-10-17',30,'1999-11-13 05:40:41','Kyleefurt'),(7,'Ж','2013-07-28',62,'1986-11-13 02:22:23','Kreigerberg'),(8,'М','1985-12-15',27,'1974-10-15 01:48:30','Javierview'),(9,'Ж','1994-05-11',39,'2007-11-11 08:11:14','East Marisol'),(10,'Ж','2016-12-22',24,'1979-06-06 19:35:45','South Jolie'),(11,'Ж','2016-12-29',4,'1999-08-25 14:15:04','New Bernhard'),(12,'Ж','1975-09-15',24,'1972-08-03 16:12:11','Calimouth'),(13,'Ж','2002-09-11',15,'2003-06-09 08:09:56','Loweshire'),(14,'М','2009-04-04',74,'1971-06-19 12:27:38','North Bret'),(15,'М','1996-05-15',100,'2005-03-09 18:04:29','North Virginia'),(16,'М','1997-03-11',27,'1979-05-11 10:07:12','Thompsonstad'),(17,'М','1975-10-09',96,'1970-05-20 19:07:16','South Darenfurt'),(18,'М','2020-02-05',56,'1971-04-29 12:05:11','North Teresamouth'),(19,'Ж','2018-07-19',77,'1987-10-01 08:36:46','Bernhardfurt'),(20,'Ж','1970-08-08',20,'2020-03-04 16:45:02','South Sylvia'),(21,'Ж','1987-02-01',77,'1970-05-16 12:18:47','West Dessieview'),(22,'М','2012-08-28',62,'1989-10-10 16:11:49','Jenningsshire'),(23,'Ж','1979-06-28',81,'1985-06-08 00:48:39','South Dexter'),(24,'Ж','1973-12-24',81,'1970-10-21 15:26:05','Lake Kailynside'),(25,'Ж','2013-12-25',25,'2015-09-08 08:38:28','Keyonview'),(26,'М','2009-06-08',40,'1992-02-15 09:19:37','East Nathanael'),(27,'Ж','2020-12-30',27,'2014-01-15 21:26:14','Wehnershire'),(28,'Ж','2006-11-11',83,'2004-03-20 02:16:19','West Marion'),(29,'Ж','1991-11-25',21,'2007-11-28 13:56:21','South Fannietown'),(30,'М','1990-04-14',31,'1981-05-03 12:31:04','East Roderickshire'),(31,'М','2014-12-06',47,'2008-11-28 04:22:51','New Miracle'),(32,'М','1986-01-26',83,'1973-04-11 10:17:56','Dickinsonland'),(33,'М','2008-05-23',63,'2000-12-10 21:09:16','South Evelyn'),(34,'Ж','1996-04-15',25,'2021-03-20 17:24:35','Charitystad'),(35,'М','2003-06-03',30,'1986-04-04 06:19:34','Bernhardton'),(36,'М','1993-06-15',7,'1997-01-26 04:06:27','Ezequielhaven'),(37,'М','1970-04-10',55,'2011-09-13 23:08:38','Lake Haley'),(38,'М','2018-10-01',91,'1992-12-22 10:53:57','Bergefort'),(39,'М','2004-06-29',33,'1976-06-06 07:26:20','Herzogland'),(40,'Ж','1983-01-19',93,'1981-11-28 05:31:47','Alessiaport'),(41,'М','2009-04-19',14,'1999-12-14 16:58:45','West Mckaylashire'),(42,'Ж','2016-04-04',37,'1984-12-20 00:33:52','Johnnyfort'),(43,'М','1991-03-04',17,'1995-04-29 08:08:23','Jaidenfurt'),(44,'Ж','2015-03-12',29,'1984-08-14 04:00:51','Lefflerborough'),(45,'Ж','1981-06-10',10,'2015-10-02 21:53:09','Nicolastown'),(46,'Ж','1988-06-20',16,'2018-12-24 17:23:09','South Golda'),(47,'Ж','1981-02-11',55,'2016-05-26 08:17:45','Port Sebastian'),(48,'Ж','2000-05-09',5,'1986-03-15 04:06:57','Veronastad'),(49,'Ж','1989-03-21',71,'2008-07-21 10:45:27','New Ewald'),(50,'Ж','2020-09-28',32,'1994-05-27 16:39:14','Lake Hermanbury'),(51,'М','2011-03-30',24,'1998-10-03 09:16:53','North Helene'),(52,'М','2011-11-16',48,'1997-09-02 11:58:18','Domenicaside'),(53,'М','2014-05-08',93,'2009-09-23 20:44:32','Jazmynton'),(54,'М','2006-04-30',5,'1975-07-25 12:01:00','Halvorsonville'),(55,'М','2002-06-05',28,'2005-12-31 01:04:17','Lake Tyreemouth'),(56,'Ж','1991-04-13',17,'1978-04-23 12:29:49','East Javonchester'),(57,'М','2005-01-10',45,'2013-01-21 21:57:53','New Samson'),(58,'М','2006-06-30',54,'1980-12-24 13:39:55','Lake Colbymouth'),(59,'Ж','1993-07-13',100,'1987-10-17 16:04:33','Kohlerville'),(60,'Ж','1997-02-01',66,'1981-08-14 11:10:04','West Rosemary'),(61,'М','2009-12-22',85,'1970-05-14 10:30:53','New Carmelobury'),(62,'М','1982-01-04',47,'1992-06-08 09:22:59','North Tremaineshire'),(63,'Ж','1987-08-17',48,'2008-08-16 19:59:48','New Kyliebury'),(64,'Ж','1999-02-23',48,'1993-11-24 20:09:22','North Estell'),(65,'М','1998-05-05',72,'1974-10-22 05:16:09','North Libbiebury'),(66,'Ж','1975-04-13',77,'1977-05-19 05:45:51','Elviechester'),(67,'Ж','1994-08-12',54,'1999-06-12 10:14:31','Americahaven'),(68,'Ж','2017-09-15',26,'1992-05-30 12:07:32','West Lue'),(69,'Ж','1972-07-07',67,'1992-02-23 17:01:22','Port Samirhaven'),(70,'М','1990-10-12',87,'1971-11-03 09:38:00','Port Blaise'),(71,'Ж','1981-11-28',18,'1999-04-26 05:51:31','West Fanny'),(72,'М','2019-09-15',81,'2003-06-20 00:59:42','East Ulices'),(73,'М','2019-02-19',23,'2000-09-26 10:27:03','Damianberg'),(74,'М','1994-03-27',34,'1993-07-17 09:22:09','Friesenshire'),(75,'Ж','1981-11-27',10,'2012-11-14 06:56:49','Benjamintown'),(76,'М','1970-03-30',32,'1982-08-18 12:54:34','Norachester'),(77,'М','2001-11-14',50,'1985-11-23 10:20:59','Rodolfofurt'),(78,'М','1976-09-21',65,'2015-08-13 20:18:33','Gottliebland'),(79,'М','1980-12-29',37,'1972-01-08 18:58:43','North Esteban'),(80,'Ж','1975-04-04',21,'2006-11-22 21:53:02','McClurestad'),(81,'М','1985-01-07',96,'1997-09-25 18:05:51','Lavonnechester'),(82,'М','2003-03-21',61,'1982-02-04 12:23:33','Port Kobe'),(83,'Ж','1996-05-20',68,'1998-11-30 22:24:25','North Eusebioton'),(84,'Ж','2001-05-21',88,'2005-03-18 15:22:41','Port Cleoraville'),(85,'Ж','1993-05-24',65,'2003-03-23 00:30:54','Kihnberg'),(86,'М','1972-04-17',96,'1998-12-20 04:17:57','Theodoreton'),(87,'Ж','1993-09-27',5,'1975-01-10 20:35:00','New Abagail'),(88,'Ж','1989-06-18',10,'1983-07-13 10:44:56','Port Noeliaburgh'),(89,'Ж','1982-11-10',50,'1998-11-05 01:07:08','Blicktown'),(90,'Ж','1987-05-16',5,'2011-05-04 10:44:11','New Laronville'),(91,'М','2017-12-24',75,'2004-01-22 05:55:29','Ondrickatown'),(92,'М','1995-02-01',35,'1993-03-16 12:55:49','Port Hazlefurt'),(93,'М','2011-01-26',51,'2006-08-24 22:29:08','South Arnaldo'),(94,'Ж','2006-06-01',22,'1972-01-22 06:48:21','East Antonio'),(95,'Ж','1981-01-21',82,'1991-03-02 23:07:33','Meredithton'),(96,'М','1984-10-04',22,'2005-01-14 01:13:20','Lake Keeleyfurt'),(97,'Ж','1978-08-15',99,'2016-09-24 14:53:13','New Percy'),(98,'М','1971-04-13',36,'1983-10-31 17:50:12','Port Mossie'),(99,'М','1990-10-25',47,'2018-05-28 20:43:36','Emmerichborough'),(100,'М','1988-07-31',66,'1975-11-30 04:41:54','Alistad');
/*!40000 ALTER TABLE `profiles` ENABLE KEYS */;
UNLOCK TABLES;

--
-- Table structure for table `users`
--

DROP TABLE IF EXISTS `users`;
/*!40101 SET @saved_cs_client     = @@character_set_client */;
/*!40101 SET character_set_client = utf8 */;
CREATE TABLE `users` (
  `id` bigint(20) unsigned NOT NULL AUTO_INCREMENT,
  `firstname` varchar(100) COLLATE utf8mb4_unicode_ci DEFAULT NULL,
  `lastname` varchar(100) COLLATE utf8mb4_unicode_ci DEFAULT NULL COMMENT 'Фамилия',
  `email` varchar(100) COLLATE utf8mb4_unicode_ci DEFAULT NULL,
  `password_hash` varchar(100) COLLATE utf8mb4_unicode_ci DEFAULT NULL,
  `phone` bigint(20) DEFAULT NULL,
  `is_deleted` bit(1) DEFAULT b'0',
  PRIMARY KEY (`id`),
  UNIQUE KEY `email` (`email`),
  KEY `users_firstname_lastname_idx` (`firstname`,`lastname`)
) ENGINE=InnoDB AUTO_INCREMENT=101 DEFAULT CHARSET=utf8mb4 COLLATE=utf8mb4_unicode_ci;
/*!40101 SET character_set_client = @saved_cs_client */;

--
-- Dumping data for table `users`
--

LOCK TABLES `users` WRITE;
/*!40000 ALTER TABLE `users` DISABLE KEYS */;
INSERT INTO `users` VALUES (1,'Makenna','Murazik','dorris93@example.org','e8b8f791f2bb06922389806fa01ac52f38cede45',97834468692,'\0'),(2,'Freeda','Huels','glover.emmie@example.net','560430f33e8d17ec80ec9f188dc799a5ce4309a6',97712643573,'\0'),(3,'Ernest','Gislason','ywolff@example.net','65805ddc43a39e4f0f390d4d6ff0af8503e417aa',91255334467,''),(4,'Jackeline','Koch','solon.kovacek@example.org','ca17d586661f161f704c5215e9ccca21eaee3291',96677644716,''),(5,'Jadon','Jenkins','wintheiser.alex@example.org','9ce41968bdd0bc36c00b81639e5f9ed8aa7e0695',93546316648,''),(6,'Brian','Kihn','josue42@example.org','38bb6decd88bba701caf4e00669c9895ec6d0ab2',91513537206,''),(7,'Colin','Tromp','moen.winifred@example.org','25495a5deeb95029de89bb9d82f572f89d6fce86',90073152133,''),(8,'Vladimir','Braun','ojerde@example.com','ddc240833d686f36a7422e18dfd2bd675b748213',99960909881,'\0'),(9,'Ashtyn','Sawayn','destany.hane@example.org','95895fc6cacc7705988fc792573ea0f1c201d16c',93251304991,'\0'),(10,'Sean','Littel','xavier.anderson@example.com','1a92e7853b8a623a89c4cc0c308007fda61ff7f7',90650881785,'\0'),(11,'Imelda','Yundt','hodkiewicz.evalyn@example.net','3b487c27a5841bf476ec8140aedafc73282a960d',94675339751,''),(12,'Mazie','Beer','qhettinger@example.com','23a65278654e86e14ff99b86eb8bd777b05b901d',99930123141,''),(13,'Raoul','Klocko','avery01@example.org','adab41939e771e01bd12a759cc2d15b8970e256a',96460205314,'\0'),(14,'Linnie','Legros','kwhite@example.com','d434d56d55b457691e2703bc287a01bb90de822b',99643259280,'\0'),(15,'Tressa','Cartwright','will.brenden@example.org','32d56186ca5debc022228f90928c6e60ee8e041d',96426902695,''),(16,'Isom','Metz','ashanahan@example.net','03f7a2ab4daf03dd229456cf7f7479356dad4f09',99552186526,''),(17,'Isabel','Harris','brakus.deontae@example.com','45108b356a62cdbb66ac8808d3d6be6f162db506',95873004107,''),(18,'Astrid','Heaney','hfeeney@example.com','57f495e3e1d9a5fc4e2a017b5d3032e902134e1d',92274120078,''),(19,'Jammie','Beahan','cassin.maci@example.org','7311e6cdd6880ece79cffdfff9c87ae915888682',95009774065,''),(20,'Tracy','VonRueden','edyth94@example.com','189a88febc5858fe3bc089ae6b37a56d40e5c202',97297567472,''),(21,'Oleta','Stehr','shane23@example.net','09988a584377eeea943b9e673f02a4e316c87d45',99481094516,'\0'),(22,'Betty','Zboncak','ricky88@example.net','f5dfbcb09d7cc2dcb2bce00e4c31a624d73a4342',98128977039,'\0'),(23,'Johnpaul','Considine','turner.wanda@example.net','e7da4987ada2c1ae15b3f18140d135f788245343',91649951973,'\0'),(24,'Judah','Yost','jazmin17@example.com','a612b16aeeeccaf59b936082cd9fbdb5cb79b1dc',92500243179,''),(25,'Rosario','Considine','rylee.carroll@example.com','49c70e671d71329c3b6726d7ce7fe904323ac62e',97945078940,'\0'),(26,'Izabella','Schumm','alfred.aufderhar@example.org','ec0cf5174d823cf8b8cb2daf48bf0d2f959322ad',90657034149,'\0'),(27,'Cornell','Muller','schmidt.hershel@example.com','7a797d5bd47946ae7430d79cefc497f01a70f556',95595818229,''),(28,'Abelardo','Padberg','bobbie.yundt@example.net','903aa7ef4e5950cd81f02e839e8364ff945f8fc9',99092558635,'\0'),(29,'Marshall','Davis','bernadette.abshire@example.net','3befe1daa4c7891a254196f0dc8e913f53d0556c',96602379561,''),(30,'Enrico','Heaney','faye.bruen@example.com','6e19e39287bd36782dc0d92656f6ab97c52bbe5e',94619188660,'\0'),(31,'Jermain','Johnson','beatty.brett@example.net','5f2a0466a7c3ac95c9e541f53c386a70bb1a87ef',93604022312,'\0'),(32,'Alessandra','Kuvalis','white.alexandria@example.net','7fee27bbf3c2fe03f800cb484e41dc6604ecf13d',96954071804,''),(33,'Sister','Kemmer','cd\'amore@example.com','7da93c69759b765d6552ebbc0965276e265c58e0',94377266342,'\0'),(34,'Edythe','Feest','shirley.ratke@example.net','2408e8d221bce03182c76eecb136c915046e978c',98344998703,''),(35,'Danielle','Cole','farrell.rowena@example.com','885a4ce634d8785df1dd972a9f4be6d4b758f6e3',95990054153,''),(36,'Dwight','Bayer','herminia.rippin@example.net','e9e4e6629c8adfca4424625f620eda73cf89d97b',97134200277,''),(37,'Raphaelle','Kemmer','joelle.howell@example.org','711ce5ddc3af81a79f639128faf075a4420054c9',90322678490,'\0'),(38,'Morton','Ward','anderson.sydney@example.com','2cb97d3a455d69abc6dfb43b1f5c67ada2cc33bb',96428968634,''),(39,'Abner','Kreiger','crist.francesco@example.org','3811839be3e8a5ebb3dbf7a4173157cc6e3df06c',91271969215,''),(40,'Mauricio','Yundt','tremblay.bailee@example.org','6ecfeebacc61fcf476f13b6c2b5935ad4a3a69b5',99726981664,'\0'),(41,'Elmira','O\'Hara','ahowe@example.org','e23512edb99321999d83a49554cec905eaad78af',91174793351,''),(42,'Alfred','Marquardt','ydaniel@example.org','6d13312daf2b41f53a0889ed43355e0eac40a5f7',98915946510,'\0'),(43,'Mackenzie','Stanton','gilbert48@example.com','9864d8be6eb9e683843accd727454afe1c802a23',92387372312,'\0'),(44,'Ayden','Weimann','leuschke.jeff@example.net','ec8555c0b1416d85d63d39d819f728acab254a27',92463049354,'\0'),(45,'Daron','Kirlin','anastacio.wintheiser@example.net','b03072c1c9b1fc3dc4e9024ebfd96f17fcc312d6',98191178514,''),(46,'Melissa','Goldner','gorczany.lenna@example.com','3bf503aad187d58a6fe0c8fd157212b083a04658',90941276299,'\0'),(47,'Cole','Huels','mariane97@example.net','85fcde8651ab60c4d4b8d04122e2acaedf337983',95539156545,''),(48,'Tianna','Rowe','general10@example.net','3e620a18e1367d55910f95fd2c6a90002c35ed67',93808081589,'\0'),(49,'London','Stroman','heber.kemmer@example.com','7d42be8981d5d51bad128b9c51f36f2475293ab8',95444326477,'\0'),(50,'Guido','Wiegand','jacobi.telly@example.org','4b907e10af2e86282eef9e956166494e9f541161',90603427314,'\0'),(51,'Oma','Marks','cali.ullrich@example.com','fdb677682ac57d022eb088be93dbbed7629acc2e',92974506240,'\0'),(52,'Keeley','Daniel','erdman.jacynthe@example.org','489c0b724f56cbf68804908281da1397dc2f1dfa',90046398724,''),(53,'Gretchen','Gaylord','clair.hackett@example.com','3fc2a357bbdb44964283590c745a522ddfd5161c',94700415434,''),(54,'Beth','Roberts','athena.brekke@example.com','e5ab9686bf370cb6d04a2daee7d7260e9e0cbe19',91176003390,''),(55,'Ronny','Goyette','kaia.wyman@example.net','eaf650b0522b3ee8daee4a36485d0baf344b8fc4',97137635837,''),(56,'Samara','Reichert','emiliano66@example.net','f535c188e3f5724c6ea637e4d0cdcb7c7979e78a',91878156192,'\0'),(57,'Stevie','Davis','shawna72@example.net','e4df6c5a436e56a1404179e5b6c8994f6dce8d9f',94490516783,'\0'),(58,'Keenan','Hudson','ashlee35@example.org','2b78066070af9a7bf83cb8a75b82ec9036c59cd0',99884965880,''),(59,'Robbie','Powlowski','ferry.florence@example.org','528753c5865a1581a9288c3f44a881c0f8ce544c',94030987016,''),(60,'Elsa','Marvin','rafaela65@example.org','5af2c2bfe0809442a75e3253ac80988ca8615705',95506578500,'\0'),(61,'Jimmy','Klocko','schmidt.jayde@example.org','ef87f3a8e0e639a9cc0efad17b1eea63f3845798',99205854059,'\0'),(62,'Derrick','Kemmer','jwalker@example.org','ed000fd4b8d5ef99e3791f0e83243b789413784b',97726530855,'\0'),(63,'Cheyanne','Pagac','jovanny56@example.net','291d741f7ec3315207a372fcb2bd9cf8322e949f',99944957200,''),(64,'Martin','Leannon','junius.berge@example.com','614029b4f2219df50641747cd12b6f44b9eeaeef',99986397213,'\0'),(65,'Hailey','Auer','erin24@example.org','309db1feb0b0bf6a4eb1746f02a67ba1bbed9c5b',93391493900,''),(66,'Ansley','Veum','chaz52@example.com','52159a64ab531b53144b5e37cf77eedb9aa12e59',90361887003,''),(67,'Jerald','Bednar','angel.strosin@example.org','ea55c3673841c5b56621ad024f2821a6e3c62ad8',93080347251,'\0'),(68,'Marisa','Koelpin','stacy62@example.net','95f8fe5ab6c9b68987c09b769fb6621c8b6bc8bf',96851054121,''),(69,'Mohammed','Robel','emclaughlin@example.org','8ebb8550807e75f2f545fe674131cedf629dc5aa',90272776503,''),(70,'Mafalda','Kulas','johns.shanon@example.net','b5c0dfcb3551d3acc9e36924913e7ada806df57d',90474684932,'\0'),(71,'Clemens','Beier','maye97@example.net','7a75d37ec00c8e67049473c29dbdbdd8a80793d0',92817652934,'\0'),(72,'Elwyn','Walter','brennan68@example.com','3917720c92e7dbae78ef7f1fc79cad3f9559051e',96622764806,''),(73,'Simone','Thiel','bernhard.will@example.org','b1dce3a93ce1f1b01bf9a7f8e8bdc3f6a13c1dac',90501012230,''),(74,'Heber','Weissnat','elmira87@example.org','9d4596855d56329bed923afe387d019fb5b0d6fc',93043903533,'\0'),(75,'Sigrid','Smitham','haag.werner@example.net','40586ee1ecc0f5d9ea912ab99cbbc4f7de9b1984',95312611444,'\0'),(76,'Arely','Stamm','schumm.bella@example.com','a916fe7c37b23c6d46f6548f3972493447c93e4a',95148780078,'\0'),(77,'Emma','Skiles','birdie24@example.com','1aea900ec317eca13df495ff79c7880ce50ac0dd',94518702367,''),(78,'Kaleb','White','pagac.bud@example.com','894a77e605629be1f7b7bac41bba0519cd4bd8f0',91471427600,''),(79,'Camille','Wunsch','dortha.terry@example.net','9636b5071ffd5904fa5209860ffee2ef4dc89c42',98633054973,''),(80,'Alessandra','Bednar','zena.schumm@example.net','a1fab57988c94dc04aee35a67a7cd1b12c894a3c',96821340735,'\0'),(81,'Deshawn','Nienow','anjali29@example.net','3d5a8ac36686f3ca793bafe72a528ae1e0dccfc0',95614536835,'\0'),(82,'Abigail','Romaguera','karli13@example.net','b35257d5949b777bb9a970b26b67a729e1b521e9',96662251323,'\0'),(83,'Emely','Nitzsche','lempi.ullrich@example.com','eeca1522d42b42e51100baf40923718fcad782f8',95250961266,''),(84,'Thelma','Pfeffer','alberta92@example.net','cc3630e00b3c57e72778d179b0ba227a1be3f2a5',94406383584,''),(85,'Moses','Borer','mconnelly@example.com','50740d28fe07e4b56d9148e8b715ea4d5ccf5bf0',98860695915,''),(86,'Celia','Muller','leann.glover@example.com','fd44daccf2b9273b6bfe4aabbd4665fe43c43ecf',91187492595,'\0'),(87,'Jalon','Quigley','tcrooks@example.net','d08251e674b3c8b5fbf9ec718252e4295375d9df',96475846784,'\0'),(88,'Rey','Russel','verdie.marks@example.org','effb35678ab90a86589247c61816949758f51399',97321400110,''),(89,'Marlene','Wisozk','lakin.adelle@example.org','fa3fb2df3ddd64fc4a2dbb6a08e843d6b595fe02',94226701932,'\0'),(90,'Faye','Rogahn','beth.schaefer@example.net','020cb4429f5e56a4455ad69d9f5981c15a95bcae',93528184138,''),(91,'Bessie','Cole','crist.leila@example.org','5088f69452edddb9f17293673d42cb0727d23e44',95832323015,'\0'),(92,'Anissa','Heaney','vena50@example.com','dea8cfcb33524ea4033f0299cb93bde8a0bc3826',91079497775,''),(93,'Rod','Cormier','giles.mcglynn@example.com','89e9b90652d5e2eff0c5a69614bd16c6c1ad1c7d',94963365795,''),(94,'Judge','Koss','stephen.powlowski@example.net','98b1861bc1903c9e207a31154fe36ecfdfee7f72',93935926088,'\0'),(95,'Hermina','Hessel','bertrand.upton@example.org','7614c18e9ea365b57b9a999cde9adc5490690e34',94674870741,''),(96,'Robert','Muller','boyer.weston@example.org','7505edd270910f9011a800fb800633da7d89b329',90233012945,'\0'),(97,'Barry','Ratke','buford.kreiger@example.org','d45d6ff5a44f2e9e28c4fb7cf6234130d3b73d36',96483406008,''),(98,'Garland','Stanton','idell97@example.com','c69d1b89a0692ee38d4dc0201e0f1a1230ff339e',92410913651,''),(99,'Dovie','Gutkowski','adriel.witting@example.net','e64bbd7b323562ee86a9dab4310bf3b53a44df97',96784479811,''),(100,'Howard','O\'Conner','nikolaus.norma@example.net','bccd39b85d1b0c51928bc6683725fd44dd7eefae',93117712849,'\0');
/*!40000 ALTER TABLE `users` ENABLE KEYS */;
UNLOCK TABLES;

--
-- Table structure for table `users_communities`
--

DROP TABLE IF EXISTS `users_communities`;
/*!40101 SET @saved_cs_client     = @@character_set_client */;
/*!40101 SET character_set_client = utf8 */;
CREATE TABLE `users_communities` (
  `user_id` bigint(20) unsigned NOT NULL,
  `community_id` bigint(20) unsigned NOT NULL,
  PRIMARY KEY (`user_id`,`community_id`),
  KEY `community_id` (`community_id`),
  CONSTRAINT `users_communities_ibfk_1` FOREIGN KEY (`user_id`) REFERENCES `users` (`id`) ON DELETE CASCADE ON UPDATE CASCADE,
  CONSTRAINT `users_communities_ibfk_2` FOREIGN KEY (`community_id`) REFERENCES `communities` (`id`) ON DELETE CASCADE ON UPDATE CASCADE
) ENGINE=InnoDB DEFAULT CHARSET=utf8mb4 COLLATE=utf8mb4_unicode_ci;
/*!40101 SET character_set_client = @saved_cs_client */;

--
-- Dumping data for table `users_communities`
--

LOCK TABLES `users_communities` WRITE;
/*!40000 ALTER TABLE `users_communities` DISABLE KEYS */;
INSERT INTO `users_communities` VALUES (1,42),(2,83),(4,7),(5,45),(7,74),(9,67),(10,54),(12,26),(12,57),(12,91),(12,93),(13,42),(14,83),(15,20),(15,30),(15,36),(19,32),(19,33),(20,16),(21,6),(22,81),(22,95),(22,96),(23,33),(23,36),(24,51),(26,48),(26,66),(27,17),(27,42),(27,73),(28,40),(28,77),(30,64),(32,18),(33,59),(34,19),(34,20),(34,78),(35,18),(35,21),(36,4),(36,86),(37,33),(37,36),(39,62),(40,9),(41,31),(41,47),(43,48),(43,97),(45,42),(47,59),(48,33),(48,42),(52,63),(52,79),(52,88),(57,38),(57,54),(60,5),(60,36),(64,55),(65,63),(66,25),(67,50),(67,76),(68,15),(68,52),(69,73),(70,41),(71,71),(71,85),(72,67),(73,20),(73,61),(76,13),(76,81),(77,82),(79,40),(79,44),(81,58),(82,56),(82,63),(82,74),(83,47),(84,60),(84,66),(87,23),(87,37),(89,46),(91,27),(91,63),(93,95),(95,20),(95,28),(95,49),(95,77),(99,54),(99,88);
/*!40000 ALTER TABLE `users_communities` ENABLE KEYS */;
UNLOCK TABLES;
/*!40103 SET TIME_ZONE=@OLD_TIME_ZONE */;

/*!40101 SET SQL_MODE=@OLD_SQL_MODE */;
/*!40014 SET FOREIGN_KEY_CHECKS=@OLD_FOREIGN_KEY_CHECKS */;
/*!40014 SET UNIQUE_CHECKS=@OLD_UNIQUE_CHECKS */;
/*!40101 SET CHARACTER_SET_CLIENT=@OLD_CHARACTER_SET_CLIENT */;
/*!40101 SET CHARACTER_SET_RESULTS=@OLD_CHARACTER_SET_RESULTS */;
/*!40101 SET COLLATION_CONNECTION=@OLD_COLLATION_CONNECTION */;
/*!40111 SET SQL_NOTES=@OLD_SQL_NOTES */;

-- Dump completed on 2021-05-16 11:52:20

-- 2. Написать скрипт, возвращающий список имен (только firstname) пользователей без повторений в алфавитном порядке.

SELECT DISTINCT firstname FROM users
ORDER BY firstname;

-- 3. Первые пять пользователей пометить как удаленные.

UPDATE IGNORE users
SET is_deleted = 1
LIMIT 5;

-- 4. Написать скрипт, удаляющий сообщения «из будущего» (дата больше сегодняшней).

DELETE IGNORE FROM messages
WHERE created_at > now();

-- 5. Написать название темы курсового проекта.

/* Думаю сделать информационную базу данных легкого стрелкового оружия.
Типы оружия, призводители, модели, у каждой модели основные характеристики: масса, калибр, скорострельность, тип боеприпаса.
Так же отдельно виды боеприпасов, и к каким моделям какие идут боеприпасы.
Как вариант, если будет мало таблиц, то тогда, сделаю это в виде БД магазина оружия, добавлю ещё пользователей,
их данные: имя фамилия, телефон, номер лицензии и т.д.*/